"","doi","page","author","title"
"1","ackerman-chopik-2020-cross-cultural-comparisons-in-implicit-and-explicit-age-bias.pdf",14,"Lindsay S. Ackerman ...","Cross-Cultural Comparisons in Implicit a..."
"2","albalooshi-et-al-2019-reinstating-the-resourceful-self-when-and-how-self-affirmations-improve-executive-performance-of.pdf",1,"Sumaya Albalooshi, M...","Reinstating the Resourceful Self: When a..."
"4","albarracin-et-al-2018-action-dominance-the-performance-effects-of-multiple-action-demands-and-the-benefits-of-an.pdf",1,"Dolores Albarracin, ...","Action Dominance: The Performance Effect..."
"8","albarracin-et-al-2020-mistaking-an-intention-for-a-behavior-the-case-of-enacting-behavioral-decisions-versus-simply.pdf",2,"Dolores Albarracin, ...","Mistaking an Intention for a Behavior: T..."
"10","albuja-et-al-2018-identity-denied-comparing-american-or-white-identity-denial-and-psychological-health-outcomes-among.pdf",3,"Analia F. Albuja, Di...","Identity Denied: Comparing American or W..."
"11","allen-et-al-2019-systematic-review-and-meta-analysis-of-self-serving-attribution-biases-in-the-competitive-context-of.pdf",13,"Mark S. Allen, Davin...","Systematic Review and Meta-Analysis of S..."
"14","axt-et-al-2018-reducing-social-judgment-biases-may-require-identifying-the-potential-source-of-bias.pdf",2,"Jordan R. Axt, Grace...","Reducing Social Judgment Biases May Requ..."
"16","baas-et-al-2019-why-social-threat-motivates-malevolent-creativity.pdf",2,"Matthijs Baas, Marie...","Why Social Threat Motivates Malevolent C..."
"20","banker-leary-2019-hypo-egoic-nonentitlement-as-a-feature-of-humility.pdf",14,"Chloe C. Banker and ...","Hypo-Egoic Nonentitlement as a Feature o..."
"21","batruch-et-al-2018-school-selection-and-the-social-class-divide-how-tracking-contributes-to-the-reproduction-of.pdf",3,"Anatolia Batruch, Fr...","School Selection and the Social Class Di..."
"22","behler-et-al-2020-to-help-or-to-harm-assessing-the-impact-of-envy-on-prosocial-and-antisocial-behaviors.pdf",12,"Anna Maria C. Behler...","To Help or To Harm? Assessing the Impact..."
"23","bernecker-becker-2020-beyond-self-control-mechanisms-of-hedonic-goal-pursuit-and-its-relevance-for-well-being.pdf",12,"Katharina Bernecker ...","Beyond Self-Control: Mechanisms of Hedon..."
"26","berry-et-al-2020-does-mindfulness-training-without-explicit-ethics-based-instruction-promote-prosocial-behaviors-a-meta.pdf",19,"Daniel R. Berry, Jon...","Does Mindfulness Training Without Explic..."
"28","bettinsoli-et-al-2021-the-spatial-ingroup-bias-ingroup-teams-are-positioned-where-writing-starts.pdf",1,"Maria Laura Bettinso...","The Spatial Ingroup Bias: Ingroup Teams ..."
"33","biernat-et-al-2019-gender-race-and-grant-reviews-translating-and-responding-to-research-feedback.pdf",3,"Monica Biernat, Moll...","Gender, Race, and Grant Reviews: Transla..."
"35","birnbaum-et-al-2017-sex-unleashes-your-tongue-sexual-priming-motivates-self-disclosure-to-a-new-acquaintance-and.pdf",2,"Gurit E. Birnbaum, M...","Sex Unleashes Your Tongue: Sexual Primin..."
"37","birnbaum-et-al-2018-what-fantasies-can-do-to-your-relationship-the-effects-of-sexual-fantasies-on-couple-interactions.pdf",2,"Gurit E. Birnbaum, Y...","What Fantasies Can Do to Your Relationsh..."
"40","boothby-bohns-2020-why-a-simple-act-of-kindness-is-not-as-simple-as-it-seems-underestimating-the-positive-impact-of-our.pdf",12,"Erica J. Boothby and...","Why a Simple Act of Kindness Is Not as S..."
"42","bredow-hames-2018-steadfast-standards-or-fluctuating-fancies-stability-and-change-in-people-s-mate-criteria-over-27.pdf",2,"Carrie A. Bredow and...","Steadfast Standards or Fluctuating Fanci..."
"43","brown-bernieri-2017-trait-perception-accuracy-and-acquaintance-within-groups-tracking-accuracy-development.pdf",2,"Jill A. Brown and Fr...","Trait Perception Accuracy and Acquaintan..."
"44","brown-craig-2019-intergroup-inequality-heightens-reports-of-discrimination-along-alternative-identity-dimensions.pdf",11,"Riana M. Brown and M...","Intergroup Inequality Heightens Reports ..."
"46","bruk-et-al-2021-you-and-i-both-self-compassion-reduces-self-other-differences-in-evaluation-of-showing-vulnerability.pdf",5,"Anna Bruk, Sabine G....","You and I Both: Self-Compassion Reduces ..."
"48","bruneau-et-al-2017-interventions-highlighting-hypocrisy-reduce-collective-blame-of-muslims-for-individual-acts-of.pdf",4,"Emile Bruneau, Nour ...","Interventions Highlighting Hypocrisy Red..."
"50","buttrick-et-al-2020-historical-change-in-the-moral-foundations-of-political-persuasion.pdf",14,"Nicholas Buttrick, R...","Historical Change in the Moral Foundatio..."
"51","cacioppo-et-al-2017-reciprocal-influences-between-loneliness-and-self-centeredness-a-cross-lagged-panel-analysis-in-a.pdf",1,"John T. Cacioppo, Hs...","Reciprocal Influences Between Loneliness..."
"53","campbell-et-al-2020-toward-a-better-understanding-of-the-reciprocal-relations-between-adolescent-psychological-need.pdf",3,"Rachel Campbell, Maa...","Toward a Better Understanding of the Rec..."
"55","cannon-rucker-2018-the-dark-side-of-luxury-social-costs-of-luxury-consumption.pdf",7,"Christopher Cannon a...","The Dark Side of Luxury: Social Costs of..."
"56","cassidy-et-al-2017-influences-on-care-for-others-attachment-security-personal-suffering-and-similarity-between-helper.pdf",14,"Jude Cassidy, Jessic...","Influences on Care for Others: Attachmen..."
"57","chan-maglio-2019-the-voice-of-cognition-active-and-passive-voice-influence-distance-and-construal.pdf",2,"Eugene Y. Chan and S...","The Voice of Cognition: Active and Passi..."
"58","choi-et-al-2020-a-cultural-perspective-on-functional-limitations-and-well-being.pdf",1,"Jeong Ha Choi, Yuri ...","A Cultural Perspective on Functional Lim..."
"75","chwyl-et-al-2020-beliefs-about-self-compassion-implications-for-coping-and-self-improvement.pdf",16,"Christina Chwyl, Pat...","Beliefs About Self-Compassion: Implicati..."
"76","clark-et-al-2017-positive-stereotype-validation-the-bolstering-effects-of-activating-positive-stereotypes-after.pdf",1,"Jason K. Clark, Kels...","Positive Stereotype Validation: The Bols..."
"87","cone-calanchini-2020-a-process-dissociation-model-of-implicit-rapid-revision-in-response-to-diagnostic-revelations.pdf",4,"Jeremy Cone and Jimm...","A Process Dissociation Model of Implicit..."
"88","conner-et-al-2020-cognitive-affective-inconsistency-and-ambivalence-impact-on-the-overall-attitude-behavior-relationship.pdf",1,"Mark Conner, Sarah W...","Cognitive-Affective Inconsistency and Am..."
"89","connor-et-al-2020-social-class-competence-stereotypes-are-amplified-by-socially-signaled-economic-inequality.pdf",2,"Paul Connor, Jordan ...","Social Class Competence Stereotypes Are ..."
"90","cortes-et-al-2018-perceiving-relationship-success-through-a-motivational-lens-a-regulatory-focus-perspective.pdf",13,"Kassandra Cortes, Ab...","Perceiving Relationship Success Through ..."
"91","costabile-madon-2018-downstream-effects-of-dispositional-inferences-on-confirmation-biases.pdf",9,"Kristi A. Costabile ...","Downstream Effects of Dispositional Infe..."
"94","craig-et-al-2021-stereotypes-about-political-attitudes-and-coalitions-among-u-s-racial-groups-implications-for.pdf",2,"Maureen A. Craig, Li...","Stereotypes About Political Attitudes an..."
"96","crawford-brandt-2019-who-is-prejudiced-and-toward-whom-the-big-five-traits-and-generalized-prejudice.pdf",2,"Jarret T. Crawford a...","Who Is Prejudiced, and Toward Whom? The ..."
"97","culcea-freitas-2017-subjective-importance-as-a-cue-for-self-reference.pdf",11,"Ileana C. Culcea and...","Subjective Importance as a Cue for Self-..."
"98","cundiff-et-al-2018-social-stratification-and-risk-for-cardiovascular-disease-examination-of-emotional-suppression-as-a.pdf",4,"Jenny M. Cundiff, J....","Social Stratification and Risk for Cardi..."
"100","cvencek-et-al-2020-meta-analytic-use-of-balanced-identity-theory-to-validate-the-implicit-association-test.pdf",8,"Dario Cvencek, Andre...","Meta-Analytic Use of Balanced Identity T..."
"102","davis-et-al-2020-secrets-psychological-health-and-the-fear-of-discovery.pdf",1,"Christopher G. Davis...","Secrets, Psychological Health, and the F..."
"107","dawtry-et-al-2017-derogating-innocent-victims-the-effects-of-relative-versus-absolute-character-judgments.pdf",2,"Rael J. Dawtry, Mitc...","Derogating Innocent Victims: The Effects..."
"114","dawtry-et-al-2019-i-blame-therefore-it-was-rape-myth-acceptance-victim-blaming-and-memory-reconstruction.pdf",14,"Rael J. Dawtry, Phil...","I Blame Therefore It Was: Rape Myth Acce..."
"115","de-keersmaecker-et-al-2019-investigating-the-robustness-of-the-illusory-truth-effect-across-individual-differences-in.pdf",10,"Jonas De keersmaecke...","Investigating the Robustness of the Illu..."
"116","debrosse-et-al-2018-can-identity-conflicts-impede-the-success-of-ethnic-minority-students-consequences-of-discrepancies.pdf",13,"Régine Debrosse, May...","Can Identity Conflicts Impede the Succes..."
"118","deng-et-al-2020-culture-and-patterns-of-reciprocity-the-role-of-exchange-type-regulatory-focus-and-emotions.pdf",6,"Yingli Deng, Cynthia...","Culture and Patterns of Reciprocity: The..."
"119","denning-hodges-2021-when-polarization-triggers-out-group-counter-projection-across-the-political-divide.pdf",2,"Kathryn R. Denning a...","When Polarization Triggers Out-Group Co..."
"121","deska-et-al-2020-dehumanizing-prisoners-remaining-sentence-duration-predicts-the-ascription-of-mind-to-prisoners.pdf",2,"Jason C. Deska, Stev...","Dehumanizing Prisoners: Remaining Senten..."
"128","dietze-knowles-2020-social-class-predicts-emotion-perception-and-perspective-taking-performance-in-adults.pdf",1,"Pia Dietze and Eric ...","Social Class Predicts Emotion Perception..."
"130","dimuccio-knowles-2020-precarious-manhood-predicts-support-for-aggressive-policies-and-politicians.pdf",8,"Sarah H. DiMuccio an...","Precarious Manhood Predicts Support for ..."
"136","don-hammond-2017-social-support-in-intimate-relationships-the-role-of-relationship-autonomy.pdf",13,"Brian P. Don and Mat...","Social Support in Intimate Relationships..."
"137","donald-et-al-2019-mindfulness-and-its-association-with-varied-types-of-motivation-a-systematic-review-and-meta-analysis.pdf",5,"James N. Donald, Emm...","Mindfulness and Its Association With Var..."
"138","doucerain-et-al-2016-initial-mainstream-cultural-orientations-predict-early-social-participation-in-the-mainstream.pdf",13,"Marina M. Doucerain,...","Initial Mainstream Cultural Orientations..."
"143","eastwick-et-al-2018-best-practices-for-testing-the-predictive-validity-of-ideal-partner-preference-matching.pdf",14,"Paul W. Eastwick, El...","Best Practices for Testing the Predictiv..."
"144","effron-2018-it-could-have-been-true-how-counterfactual-thoughts-reduce-condemnation-of-falsehoods-and-increase.pdf",14,"Daniel A. Effron","It Could Have Been True: How Counterfact..."
"146","elfenbein-et-al-2021-what-do-we-hear-in-the-voice-an-open-ended-judgment-study-of-emotional-speech-prosody.pdf",14,"Hillary Anger Elfenb...","What Do We Hear in the Voice? An Open-En..."
"147","emery-et-al-2018-you-can-t-see-the-real-me-attachment-avoidance-self-verification-and-self-concept-clarity.pdf",14,"Lydia F. Emery, Wend...","You Cant See the Real Me: Attachment Av..."
"149","evans-rubin-2021-in-a-class-on-their-own-investigating-the-role-of-social-integration-in-the-association-between-social.pdf",11,"Olivia Evans and Mar...","In a Class on Their Own: Investigating t..."
"150","eyal-epley-2017-exaggerating-accessible-differences-when-gender-stereotypes-overestimate-actual-group-differences.pdf",1,"Tal Eyal and Nichola...","Exaggerating Accessible Differences: Whe..."
"161","fairbairn-et-al-2021-mixing-misery-and-gin-the-effect-of-alcohol-administration-on-ostracism-response.pdf",2,"Catharine E. Fairbai...","Mixing Misery and Gin: The Effect of Alc..."
"164","feldman-et-al-2017-agency-beliefs-over-time-and-across-cultures-free-will-beliefs-predict-higher-job-satisfaction.pdf",2,"Gilad Feldman, Jiing...","Agency Beliefs Over Time and Across Cult..."
"165","fernando-et-al-2018-functions-of-utopia-how-utopian-thinking-motivates-societal-engagement.pdf",13,"Julian W. Fernando, ...","Functions of Utopia: How Utopian Thinkin..."
"166","fida-et-al-2021-the-implicit-component-of-moral-disengagement-applying-the-relational-responding-task-to-investigate.pdf",1,"R. Fida, V. Ghezzi, ...","The Implicit Component of Moral Disengag..."
"168","fischer-et-al-2021-cultural-syndromes-in-a-changing-world-a-longitudinal-investigation-of-brazilian-jeitinho-social.pdf",3,"Ronald Fischer, Joha...","Cultural Syndromes in a Changing World: ..."
"176","fisher-hammond-2018-personal-ties-and-prejudice-a-meta-analysis-of-romantic-attachment-and-ambivalent-sexism.pdf",2,"Molly I. Fisher and ...","Personal Ties and Prejudice: A Meta-Anal..."
"177","fletcher-et-al-2020-reconsidering-best-practices-for-testing-the-ideal-standards-model-a-response-to-eastwick-finkel.pdf",1,"Garth J. O. Fletcher...","Reconsidering Best Practices for Testi..."
"178","flores-et-al-2018-retracted-cardiovascular-and-self-regulatory-consequences-of-ses-based-social-identity-threat.pdf",3,"Abdiel J. Flores, Ta...","RETRACTED: Cardiovascular and Self-Regul..."
"183","fritz-et-al-2017-humor-use-moderates-the-relation-of-stressful-life-events-with-psychological-distress.pdf",2,"Heidi L. Fritz, Lesl...","Humor Use Moderates the Relation of Stre..."
"194","fritzlen-et-al-2019-i-know-what-you-are-but-what-am-i-the-effect-of-recategorization-threat-and-perceived-immutability.pdf",12,"Katherine A. Fritzle...","I Know (What) You Are, But What Am I? Th..."
"197","fuesting-diekman-2016-not-by-success-alone-role-models-provide-pathways-to-communal-opportunities-in-stem.pdf",12,"Melissa A. Fuesting ...","Not By Success Alone"
"198","gamarel-golub-2018-closeness-discrepancies-and-intimacy-interference-motivations-for-hiv-prevention-behavior-in-primary.pdf",3,"Kristi E. Gamarel an...","Closeness Discrepancies and Intimacy Int..."
"201","gamp-et-al-2018-risk-perceptions-after-receiving-multiple-risk-feedback.pdf",4,"Martina Gamp, Harald...","Risk Perceptions After Receiving Multipl..."
"205","gan-et-al-2018-the-power-in-being-yourself-feeling-authentic-enhances-the-sense-of-power.pdf",2,"Muping Gan, Daniel H...","The Power in Being Yourself: Feeling Aut..."
"206","ganzach-yaor-2018-the-retrospective-evaluation-of-positive-and-negative-affect.pdf",11,"Yoav Ganzach and Ein...","The Retrospective Evaluation of Positive..."
"209","garcia-sanchez-et-al-2021-how-fair-is-economic-inequality-belief-in-a-just-world-and-the-legitimation-of-economic.pdf",2,"Efraín García-Sánche...","How Fair is Economic Inequality? Belief ..."
"210","garinther-et-al-2021-victim-number-effects-in-charitable-giving-joint-evaluations-promote-egalitarian-decisions.pdf",1,"Alexander Garinther,...","Victim Number Effects in Charitable Givi..."
"211","gasco-et-al-2018-where-did-this-thought-come-from-a-self-validation-analysis-of-the-perceived-origin-of-thoughts.pdf",12,"Margarita Gascó, Pab...","Where Did This Thought Come From? A Self..."
"212","gawronski-2021-attitudinal-effects-of-stimulus-co-occurrence-and-stimulus-relations-paradoxical-effects-of-cognitive.pdf",9,"Bertram Gawronski","Attitudinal Effects of Stimulus Co-occur..."
"215","gawronski-et-al-2017-temporal-stability-of-implicit-and-explicit-measures-a-longitudinal-analysis.pdf",13,"Bertram Gawronski, M...","Temporal Stability of Implicit and Expli..."
"216","ghassemi-et-al-2017-the-process-of-disengagement-from-personal-goals-reciprocal-influences-between-the-experience-of.pdf",2,"Mirjam Ghassemi, Kat...","The Process of Disengagement From Person..."
"217","gillath-et-al-2017-a-net-of-friends-investigating-friendship-by-integrating-attachment-theory-and-social-network.pdf",19,"Omri Gillath, Gery C...","A Net of Friends: Investigating Friendsh..."
"218","grigoryan-et-al-2019-stereotypes-as-historical-accidents-images-of-social-class-in-postcommunist-versus-capitalist.pdf",7,"Lusine Grigoryan, Xu...","Stereotypes as Historical Accidents: Ima..."
"221","grillo-pizzutti-2020-recognizing-and-trusting-persuasion-agents-attitudes-bias-trustworthiness-judgments-but-not.pdf",2,"Tito L. H. Grillo an...","Recognizing and Trusting Persuasion Agen..."
"223","gruda-kafetsios-2019-attachment-orientations-guide-the-transfer-of-leadership-judgments-culture-matters.pdf",21,"Dritjon Gruda and Ko...","Attachment Orientations Guide the Transf..."
"227","guglielmo-malle-2017-information-acquisition-processes-in-moral-judgments-of-blame.pdf",9,"Steve Guglielmo and ...","Information-Acquisition Processes in Mor..."
"228","gul-kupfer-2018-benevolent-sexism-and-mate-preferences-why-do-women-prefer-benevolent-men-despite-recognizing-that-they.pdf",15,"Pelin Gul and Tom R....","Benevolent Sexism and Mate Preferences: ..."
"229","gul-uskul-2020-an-alternative-account-of-anti-effeminacy-bias-reputation-concerns-and-lack-of-coalitional-value-explain.pdf",2,"Pelin Gul and Ayse K...","An Alternative Account of Anti-Effeminac..."
"231","hadar-et-al-2019-induced-social-power-improves-visual-working-memory.pdf",11,"Britt Hadar, Roy Lur...","Induced Social Power Improves Visual Wor..."
"235","hehman-et-al-2017-the-faces-of-group-members-share-physical-resemblance.pdf",2,"Eric Hehman, Jessica...","The Faces of Group Members Share Physica..."
"236","heintzelman-king-2018-routines-and-meaning-in-life.pdf",10,"Samantha J. Heintzel...","Routines and Meaning in Life"
"237","heu-et-al-2018-lonely-alone-or-lonely-together-a-cultural-psychological-examination-of-individualism-collectivism-and.pdf",3,"Luzia C. Heu, Martij...","Lonely Alone or Lonely Together? A Cultu..."
"238","higginbotham-et-al-2021-you-play-a-sport-right-a-persistent-and-pernicious-intersectional-bias-in-categorization-of.pdf",15,"Gerald D. Higginboth...","You Play a Sport, Right? A Persistent an..."
"242","hirschberger-et-al-2017-the-existential-underpinnings-of-intergroup-helping-when-normative-and-defensive-motivations.pdf",2,"Gilad Hirschberger, ...","The Existential Underpinnings of Intergr..."
"245","hisler-et-al-2018-does-stress-explain-the-effect-of-sleep-on-self-control-difficulties-a-month-long-daily-diary-study.pdf",13,"Garrett C. Hisler, Z...","Does Stress Explain the Effect of Sleep ..."
"247","hofmann-et-al-2018-moral-punishment-in-everyday-life.pdf",13,"Wilhelm Hofmann, Mar...","Moral Punishment in Everyday Life"
"249","hogden-unkelbach-2020-the-role-of-relational-qualifiers-in-attribute-conditioning-does-disliking-an-athletic-person.pdf",13,"Fabia Högden and Chr...","The Role of Relational Qualifiers in Att..."
"251","hou-et-al-2021-do-grittier-people-have-greater-subjective-well-being-a-meta-analysis.pdf",1,"Xiang-Ling Hou, Nico...","Do Grittier People Have Greater Subjecti..."
"260","huang-2019-mind-body-dissonance-a-catalyst-to-creativity.pdf",14,"Li Huang","MindBody Dissonance: A Catalyst to Crea..."
"261","hudson-et-al-2019-healthier-and-happier-a-3-year-longitudinal-investigation-of-the-prospective-associations-and.pdf",2,"Nathan W. Hudson, Ri...","Healthier and Happier? A 3-Year Longitud..."
"265","hudson-et-al-2019-the-highs-and-lows-of-love-romantic-relationship-quality-moderates-whether-spending-time-with-one-s.pdf",18,"Nathan W. Hudson, Ri...","The Highs and Lows of Love: Romantic Rel..."
"266","huelsnitz-et-al-2018-attachment-and-jealousy-understanding-the-dynamic-experience-of-jealousy-using-the-response.pdf",12,"Chloe O. Huelsnitz, ...","Attachment and Jealousy: Understanding t..."
"268","hughes-scholer-2017-when-wanting-the-best-goes-right-or-wrong-distinguishing-between-adaptive-and-maladaptive.pdf",14,"Jeffrey Hughes and A...","When Wanting the Best Goes Right or Wron..."
"269","iida-et-al-2017-the-influence-of-daily-coping-on-anxiety-under-examination-stress-a-model-of-interindividual.pdf",4,"Masumi Iida, Marci G...","The Influence of Daily Coping on Anxiety..."
"273","imami-et-al-2018-self-disclosure-and-perceived-responsiveness-among-youth-with-asthma-links-to-affect-and-anti.pdf",14,"Ledina Imami, Sarah ...","Self-Disclosure and Perceived Responsive..."
"274","imhoff-et-al-2018-using-power-as-a-negative-cue-how-conspiracy-mentality-affects-epistemic-trust-in-sources-of.pdf",14,"Roland Imhoff, Pia L...","Using Power as a Negative Cue: How Consp..."
"275","irwing-et-al-2019-comedians-trait-level-and-stage-personalities-evidence-for-goal-directed-personality-adaptation.pdf",9,"Paul Irwing, Clare C...","Comedians Trait Level and Stage Persona..."
"278","iterbeke-de-witte-2021-helpful-or-harmful-the-role-of-personality-traits-in-student-experiences-of-the-covid-19-crisis.pdf",19,"Kaat Iterbeke and Kr...","Helpful or Harmful? The Role of Personal..."
"279","itzchakov-reis-2020-perceived-responsiveness-increases-tolerance-of-attitude-ambivalence-and-enhances-intentions-to.pdf",1,"Guy Itzchakov and Ha...","Perceived Responsiveness Increases Toler..."
"294","jakubiak-feeney-2018-hand-in-hand-combat-affectionate-touch-promotes-relational-well-being-and-buffers-stress-during.pdf",2,"Brett K. Jakubiak an...","Hand-in-Hand Combat: Affectionate Touch ..."
"295","jampol-zayas-2020-gendered-white-lies-women-are-given-inflated-performance-feedback-compared-with-men.pdf",12,"Lily Jampol and Vivi...","Gendered White Lies: Women Are Given Inf..."
"297","jetten-et-al-2020-prosperous-but-fearful-of-falling-the-wealth-paradox-collective-angst-and-opposition-to-immigration.pdf",5,"Jolanda Jetten, Fran...","Prosperous But Fearful of Falling: The W..."
"298","jiang-et-al-2020-the-development-of-materialism-in-emerging-adulthood-stability-change-and-antecedents.pdf",10,"Wen Jiang, Hongyun L...","The Development of Materialism in Emergi..."
"299","job-et-al-2017-social-traces-of-generic-humans-increase-the-value-of-everyday-objects.pdf",8,"Veronika Job, Jana N...","Social Traces of Generic Humans Increase..."
"300","joel-et-al-2017-motivated-use-of-numerical-anchors-for-judgments-relevant-to-the-self.pdf",2,"Samantha Joel, Steph...","Motivated Use of Numerical Anchors for J..."
"303","johnson-et-al-2017-sage-on-the-stage-women-s-representation-at-an-academic-conference.pdf",12,"Camille S. Johnson, ...","Sage on the Stage"
"304","johnson-et-al-2021-within-couple-associations-between-communication-and-relationship-satisfaction-over-time.pdf",2,"Matthew D. Johnson, ...","Within-Couple Associations Between Commu..."
"305","jun-et-al-2017-keeping-minorities-happy-hierarchy-maintenance-and-whites-decreased-support-for-highly-identified-white.pdf",14,"Sora Jun, Brian S. L...","Keeping Minorities Happy: Hierarchy Main..."
"306","kang-lakshmanan-2018-narcissism-and-self-versus-recipient-oriented-imagery-in-charitable-giving.pdf",13,"Esther Kang and Arun...","Narcissism and Self- Versus Recipient-Or..."
"309","katzenelenbogen-et-al-2021-the-role-of-individual-and-dyadic-planning-in-couples-daily-goal-pursuits.pdf",15,"Ophir Katzenelenboge...","The Role of Individual and Dyadic Planni..."
"310","kettle-salerno-2017-anger-promotes-economic-conservatism.pdf",9,"Keri L. Kettle and A...","Anger Promotes Economic Conservatism"
"311","kim-et-al-2020-when-tonight-is-not-the-night-sexual-rejection-behaviors-and-satisfaction-in-romantic-relationships.pdf",11,"James J. Kim, Amy Mu...","When Tonight Is Not the Night: Sexual Re..."
"313","kim-et-al-2021-psychology-and-the-threat-of-contagion-feeling-vulnerable-to-a-disease-moderates-the-link-between.pdf",2,"Heejung S. Kim, Kimi...","Psychology and the Threat of Contagion: ..."
"318","kim-mcgill-2017-helping-others-by-first-affirming-the-self-when-self-affirmation-reduces-ego-defensive-downplaying-of.pdf",3,"Sara Kim and Ann L. ...","Helping Others by First Affirming the Se..."
"320","kim-wiesenfeld-2017-who-represents-our-group-the-effects-of-prototype-content-on-perceived-status-dispersion-and-social.pdf",2,"Hee Young Kim and Ba...","Who Represents Our Group? The Effects of..."
"323","kitayama-et-al-2018-behavioral-adjustment-moderates-the-link-between-neuroticism-and-biological-health-risk-a-u-s-japan.pdf",3,"Shinobu Kitayama, Ji...","Behavioral Adjustment Moderates the Link..."
"329","kitayama-park-2020-is-conscientiousness-always-associated-with-better-health-a-u-s-japan-cross-cultural-examination-of.pdf",10,"Shinobu Kitayama and...","Is Conscientiousness Always Associated W..."
"330","klebl-et-al-2021-beyond-aesthetic-judgment-beauty-increases-moral-standing-through-perceptions-of-purity.pdf",13,"Christoph Klebl, Yin...","Beyond Aesthetic Judgment: Beauty Increa..."
"332","kluwer-et-al-2019-autonomy-in-relatedness-how-need-fulfillment-interacts-in-close-relationships.pdf",1,"Esther S. Kluwer, Jo...","Autonomy in Relatedness: How Need Fulfil..."
"335","koriat-et-al-2018-the-prototypical-majority-effect-under-social-influence.pdf",2,"Asher Koriat, Shiri ...","The Prototypical Majority Effect Under S..."
"338","korner-et-al-2020-using-the-cni-model-to-investigate-individual-differences-in-moral-dilemma-judgments.pdf",3,"Anita Körner, Roland...","Using the CNI Model to Investigate Indiv..."
"339","krol-et-al-2019-self-concept-clarity-and-the-bodily-self-malleability-across-modalities.pdf",2,"Sonia A. Krol, Rémi ...","Self-Concept Clarity and the Bodily Self..."
"340","ksenofontov-becker-2019-the-harmful-side-of-thanks-thankful-responses-to-high-power-group-help-undermine-low-power.pdf",14,"Inna Ksenofontov and...","The Harmful Side of Thanks: Thankful Res..."
"343","kuijpers-et-al-2021-do-you-feel-better-when-you-behave-more-extraverted-than-you-are-the-relationship-between.pdf",18,"E. Kuijpers, J. Pick...","Do You Feel Better When You Behave More ..."
"344","kunst-et-al-2021-knowledge-about-individuals-interracial-friendships-is-systematically-associated-with-mental.pdf",2,"Jonas R. Kunst, Ivuo...","Knowledge About Individuals Interracial..."
"345","lam-zhou-2021-an-examination-of-the-conceptual-structure-of-long-term-goal-striving.pdf",3,"Kelly Ka Lai Lam and...","An Examination of the Conceptual Structu..."
"349","lammers-et-al-2021-why-people-hate-congress-but-love-their-own-congressperson-an-information-processing-explanation.pdf",2,"Joris Lammers, Eilee...","Why People Hate Congress but Love Their ..."
"352","lange-et-al-2017-elucidating-the-dark-side-of-envy-distinctive-links-of-benign-and-malicious-envy-with-dark.pdf",11,"Jens Lange, Delroy L...","Elucidating the Dark Side of Envy: Disti..."
"354","law-et-al-2021-biased-benevolence-the-perceived-morality-of-effective-altruism-across-social-distance.pdf",17,"Kyle Fiore Law, Dyla...","Biased Benevolence: The Perceived Morali..."
"355","leckelt-et-al-2019-a-longitudinal-field-investigation-of-narcissism-and-popularity-over-time-how-agentic-and.pdf",9,"Marius Leckelt, Kath...","A Longitudinal Field Investigation of Na..."
"356","lee-et-al-2017-i-through-we-how-supportive-social-relationships-facilitate-personal-growth.pdf",6,"David S. Lee, Oscar ...","I-Through-We: How Supportive Social Rela..."
"358","legate-et-al-2017-daily-autonomy-support-and-sexual-identity-disclosure-predicts-daily-mental-and-physical-health.pdf",1,"Nicole Legate, Richa...","Daily Autonomy Support and Sexual Identi..."
"359","leong-et-al-2019-is-gratitude-always-beneficial-to-interpersonal-relationships-the-interplay-of-grateful-disposition.pdf",12,"Joyce L. T. Leong, S...","Is Gratitude Always Beneficial to Interp..."
"361","li-edwards-2020-the-relationship-between-system-justification-and-perspective-taking-and-empathy.pdf",11,"Zheng Li and John A....","The Relationship Between System Justific..."
"362","li-et-al-2019-stepping-into-perpetrators-shoes-how-ingroup-transgressions-and-victimization-shape-support-for.pdf",15,"Mengyao Li, Bernhard...","Stepping into Perpetrators Shoes: How I..."
"363","li-et-al-2021-the-neural-basis-linking-achievement-motivation-with-procrastination-left-precuneus-connectivity-with.pdf",3,"Yuhua Li, Libin Zhan...","The Neural Basis Linking Achievement Mot..."
"364","li-rao-2019-do-people-believe-that-they-are-more-deontological-than-others.pdf",3,"Ming-Hui Li and Li-L...","Do People Believe That They Are More Deo..."
"366","lifshin-et-al-2017-the-evil-animal-a-terror-management-theory-perspective-on-the-human-tendency-to-kill-animals.pdf",2,"Uri Lifshin, Jeff Gr...","The Evil Animal: A Terror Management The..."
"374","light-et-al-2017-self-uncertainty-and-the-influence-of-alternative-goals-on-self-regulation.pdf",1,"Alysson E. Light, Ki...","Self-Uncertainty and the Influence of Al..."
"380","lin-oyserman-2020-upright-and-honorable-people-use-space-to-understand-honor-affecting-choice-and-perception.pdf",1,"Ying Lin and Daphna ...","Upright and Honorable: People Use Space ..."
"386","liu-et-al-2018-effects-of-cultural-tightness-looseness-and-social-network-density-on-expression-of-positive-and.pdf",14,"Pan Liu, David Chan,...","Effects of Cultural TightnessLooseness ..."
"388","locke-et-al-2017-cross-situational-self-consistency-in-nine-cultures-the-importance-of-separating-influences-of-social.pdf",16,"Kenneth D. Locke, A....","Cross-Situational Self-Consistency in Ni..."
"389","lu-wan-2018-cultural-self-awareness-as-awareness-of-culture-s-influence-on-the-self-implications-for-cultural.pdf",10,"Chieh Lu and Ching W...","Cultural Self-Awareness as Awareness of ..."
"390","luke-gawronski-2021-political-ideology-and-moral-dilemma-judgments-an-analysis-using-the-cni-model.pdf",5,"Dillon M. Luke and B...","Political Ideology and Moral Dilemma Jud..."
"391","luttrell-togans-2020-the-stability-of-moralized-attitudes-over-time.pdf",13,"Andrew Luttrell and ...","The Stability of Moralized Attitudes Ove..."
"392","machia-proulx-2019-the-diverging-effects-of-need-fulfillment-obtained-from-within-and-outside-of-a-romantic-relationship.pdf",12,"Laura V. Machia and ...","The Diverging Effects of Need Fulfillmen..."
"393","maher-et-al-2019-lost-in-multidimensional-space-epistemic-motivations-define-and-distinguish-negative-affect.pdf",16,"Paul J. Maher, Wijna...","Lost in Multidimensional Space: Epistemi..."
"394","major-et-al-2018-well-being-correlates-of-perceived-positivity-resonance-evidence-from-trait-and-episode-level.pdf",17,"Brett C. Major, Khoa...","Well-Being Correlates of Perceived Posit..."
"396","major-et-al-2020-the-countervailing-effects-of-weight-stigma-on-weight-loss-motivation-and-perceived-capacity-for.pdf",2,"Brenda Major, Joanne...","The Countervailing Effects of Weight Sti..."
"397","mancini-et-al-2021-outside-the-eye-of-the-storm-can-moderate-hurricane-exposure-improve-social-psychological-and.pdf",2,"Anthony D. Mancini, ...","Outside the Eye of the Storm: Can Modera..."
"399","march-et-al-2017-in-harm-s-way-on-preferential-response-to-threatening-stimuli.pdf",11,"David S. March, Lowe...","In Harms Way: On Preferential Response ..."
"400","martin-et-al-2018-intersectional-escape-older-women-elude-agentic-prescriptions-more-than-older-men.pdf",17,"Ashley E. Martin, Mi...","Intersectional Escape: Older Women Elude..."
"402","martin-slepian-2018-dehumanizing-gender-the-debiasing-effects-of-gendering-human-abstracted-entities.pdf",2,"Ashley E. Martin and...","Dehumanizing Gender: The Debiasing Effec..."
"403","mashuri-van-leeuwen-2017-predicting-support-for-reconciliation-in-separatist-conflict.pdf",12,"Ali Mashuri and Esth...","Predicting Support for Reconciliation in..."
"404","mcgarrity-et-al-2019-minority-stress-emotion-regulation-and-executive-function-an-experimental-investigation-of-gay-and.pdf",3,"Larissa A. McGarrity...","Minority Stress, Emotion Regulation, and..."
"405","mclamore-et-al-2019-challenges-to-traditional-narratives-of-intractable-conflict-decrease-ingroup-glorification.pdf",2,"Quinnehtukqut McLamo...","Challenges to Traditional Narratives of ..."
"406","meltzer-2019-women-can-benefit-from-sexual-and-physical-valuation-in-the-context-of-a-romantic-relationship.pdf",12,"Andrea L. Meltzer","Women Can Benefit From Sexual and Physic..."
"409","moran-et-al-2020-can-instructions-about-stimulus-pairings-influence-automatic-and-self-reported-evaluations-in-the.pdf",14,"Tal Moran, Pieter Va...","Can (Instructions About) Stimulus Pairin..."
"410","motsenok-et-al-2021-perceived-physical-vulnerability-promotes-prosocial-behavior.pdf",2,"Marina Motsenok, Teh...","Perceived Physical Vulnerability Promote..."
"411","murphy-et-al-2019-the-consideration-of-future-consequences-evidence-for-domain-specificity-across-five-life-domains.pdf",4,"Lisa Murphy, Eimer C...","The Consideration of Future Consequences..."
"412","napier-et-al-2018-construing-the-essence-the-effects-of-construal-level-on-genetic-attributions-for-individual-and.pdf",2,"Jaime L. Napier, Jam...","Construing the Essence: The Effects of C..."
"414","newman-et-al-2018-name-norms-a-guide-to-casting-your-next-experiment.pdf",14,"Leonard S. Newman, M...","Name Norms: A Guide to Casting Your Next..."
"415","newman-et-al-2021-contrasting-effects-of-finding-meaning-and-searching-for-meaning-and-political-orientation-and.pdf",12,"David B. Newman, Ste...","Contrasting Effects of Finding Meaning a..."
"417","nguyen-et-al-2017-solitude-as-an-approach-to-affective-self-regulation.pdf",9,"Thuy-vy T. Nguyen, R...","Solitude as an Approach to Affective Sel..."
"418","o-brien-smith-2018-unconventional-consumption-methods-and-enjoying-things-consumed-recapturing-the-first-time-experience.pdf",7,"Ed OBrien and Rober...","Unconventional Consumption Methods and E..."
"420","obeid-et-al-2017-how-moral-perceptions-influence-intergroup-tolerance-evidence-from-lebanon-morocco-and-the-united.pdf",11,"Nadine Obeid, Nichol...","How Moral Perceptions Influence Intergro..."
"421","oosterhoff-et-al-2017-differential-and-domain-specific-associations-among-right-wing-authoritarianism-social-dominance.pdf",2,"Benjamin Oosterhoff,...","Differential and Domain-Specific Associa..."
"422","orehek-et-al-2017-attachment-and-self-regulation.pdf",3,"Edward Orehek, Anna ...","Attachment and Self-Regulation"
"424","orehek-et-al-2019-self-expression-while-drinking-alcohol-alcohol-influences-personality-expression-during-first.pdf",2,"Edward Orehek, Laure...","Self-Expression While Drinking Alcohol: ..."
"431","orehek-human-2016-self-expression-on-social-media-do-tweets-present-accurate-and-positive-portraits-of-impulsivity-self.pdf",10,"Edward Orehek and La...","Self-Expression on Social Media"
"432","pachankis-et-al-2017-the-burden-of-stigma-on-health-and-well-being-a-taxonomy-of-concealment-course-disruptiveness.pdf",1,"John E. Pachankis, M...","The Burden of Stigma on Health and Well-..."
"456","park-et-al-2017-positive-feedback-from-male-authority-figures-boosts-women-s-math-outcomes.pdf",3,"Lora E. Park, Cheryl...","Positive Feedback From Male Authority Fi..."
"458","pelham-et-al-2017-searching-for-god-illness-related-mortality-threats-and-religious-search-volume-in-google-in-16.pdf",2,"Brett W. Pelham, Mit...","Searching for God: Illness-Related Morta..."
"462","pereira-et-al-2018-the-ego-defensive-role-of-legitimacy-how-threat-based-justifications-protect-the-self-esteem-of.pdf",10,"Cicero Roberto Perei...","The Ego-Defensive Role of Legitimacy: Ho..."
"463","persich-et-al-2019-are-you-a-good-friend-assessing-social-relationship-competence-using-situational-judgments.pdf",12,"Michelle R. Persich,...","Are You a Good Friend? Assessing Social ..."
"465","peters-et-al-2021-the-language-of-inequality-evidence-economic-inequality-increases-wealth-category-salience.pdf",16,"Kim Peters, Jolanda ...","The Language of Inequality: Evidence Eco..."
"466","petrocelli-whitmire-2017-emotion-decoding-and-incidental-processing-fluency-as-antecedents-of-attitude-certainty.pdf",14,"John V. Petrocelli a...","Emotion Decoding and Incidental Processi..."
"468","pettigrew-2018-the-emergence-of-contextual-social-psychology.pdf",5,"Thomas F. Pettigrew","The Emergence of Contextual Social Psych..."
"471","pham-et-al-2017-post-fight-respect-signals-valuations-of-opponent-s-fighting-performance.pdf",3,"Michael N. Pham, Nic...","Post-Fight Respect Signals Valuations of..."
"473","phillips-johnson-2017-interdependent-effects-of-autonomous-and-controlled-regulation-on-exercise-behavior.pdf",5,"L. Alison Phillips a...","Interdependent Effects of Autonomous and..."
"474","poon-et-al-2020-beliefs-in-conspiracy-theories-following-ostracism.pdf",2,"Kai-Tak Poon, Zhansh...","Beliefs in Conspiracy Theories Following..."
"476","posavac-et-al-2021-the-utility-of-clinical-psychology-concepts-for-judgment-and-decision-making-research-the-case-of.pdf",10,"Steven S. Posavac, F...","The Utility of Clinical Psychology Conce..."
"478","prinsen-et-al-2018-does-self-licensing-benefit-self-regulation-over-time-an-ecological-momentary-assessment-study-of.pdf",4,"Sosja Prinsen, Catha...","Does Self-Licensing Benefit Self-Regulat..."
"479","re-rule-2017-distinctive-facial-cues-predict-leadership-rank-and-selection.pdf",9,"Daniel E. Re and Nic...","Distinctive Facial Cues Predict Leadersh..."
"480","rees-et-al-2018-implementation-intentions-reduce-implicit-stereotype-activation-and-application.pdf",1,"Heather Rose Rees, A...","Implementation Intentions Reduce Implici..."
"482","rees-et-al-2019-examining-the-relationships-among-categorization-stereotype-activation-and-stereotype-application.pdf",1,"Heather Rose Rees, D...","Examining the Relationships Among Catego..."
"484","ren-et-al-2020-seeking-solitude-after-being-ostracized-a-replication-and-beyond.pdf",11,"Dongning Ren, Eric D...","Seeking Solitude After Being Ostracized:..."
"485","rholes-et-al-2020-support-processes-predict-declines-in-attachment-avoidance-across-the-transition-to-parenthood (1).pdf",15,"W. Steven Rholes, Ja...","Support Processes Predict Declines in At..."
"486","rholes-et-al-2020-support-processes-predict-declines-in-attachment-avoidance-across-the-transition-to-parenthood.pdf",16,"W. Steven Rholes, Ja...","Support Processes Predict Declines in At..."
"487","rivers-et-al-2019-on-the-roles-of-stereotype-activation-and-application-in-diminishing-implicit-bias.pdf",1,"Andrew M. Rivers, Je...","On the Roles of Stereotype Activation an..."
"491","rivers-hahn-2018-what-cognitive-mechanisms-do-people-reflect-on-when-they-predict-iat-scores.pdf",1,"Andrew M. Rivers and...","What Cognitive Mechanisms Do People Refl..."
"497","rocklage-fazio-2017-attitude-accessibility-as-a-function-of-emotionality.pdf",1,"Matthew D. Rocklage ...","Attitude Accessibility as a Function of ..."
"510","rohner-lai-2020-a-diffusion-model-approach-for-understanding-the-impact-of-17-interventions-on-the-race-implicit.pdf",6,"Jessica Röhner and C...","A Diffusion Model Approach for Understan..."
"511","rudman-saud-2020-justifying-social-inequalities-the-role-of-social-darwinism.pdf",9,"Laurie A. Rudman and...","Justifying Social Inequalities: The Role..."
"512","rutjens-et-al-2017-not-all-skepticism-is-equal-exploring-the-ideological-antecedents-of-science-acceptance-and-rejection.pdf",10,"Bastiaan T. Rutjens,...","Not All Skepticism Is Equal: Exploring t..."
"514","sagioglou-et-al-2018-belief-in-social-mobility-mitigates-hostility-resulting-from-disadvantaged-social-standing.pdf",12,"Christina Sagioglou,...","Belief in Social Mobility Mitigates Host..."
"516","saguy-et-al-2019-justice-agents-discriminated-group-members-are-perceived-to-be-highly-committed-to-social-justice.pdf",2,"Tamar Saguy, Saulo F...","Justice Agents: Discriminated Group Memb..."
"523","saltsman-et-al-2020-facing-the-facets-no-association-between-dispositional-mindfulness-facets-and-positive-momentary.pdf",3,"Thomas L. Saltsman, ...","Facing the Facets: No Association Betwee..."
"524","salvatore-et-al-2016-strangers-with-benefits-attraction-to-outgroup-men-increases-as-fertility-increases-across-the.pdf",9,"Joseph F. Salvatore,...","Strangers With Benefits"
"525","sawada-et-al-2017-activation-of-the-behavioral-immune-system-putting-the-brakes-on-affiliation.pdf",1,"Natsumi Sawada, Emil...","Activation of the Behavioral Immune Syst..."
"529","scherer-et-al-2017-the-influence-of-effortful-thought-and-cognitive-proficiencies-on-the-conjunction-fallacy.pdf",14,"Laura D. Scherer, J....","The Influence of Effortful Thought and C..."
"530","sheldon-et-al-2018-feeling-interpersonally-controlled-while-pursuing-materialistic-goals-a-problematic-combination-for.pdf",2,"Kennon M. Sheldon, N...","Feeling Interpersonally Controlled While..."
"532","shin-et-al-2018-darling-get-closer-to-me-spatial-proximity-amplifies-interpersonal-liking.pdf",1,"Ji-eun Shin, Eunkook...","Darling, Get Closer to Me: Spatial Proxi..."
"538","shrira-2019-population-diversity-and-ancestral-diversity-as-distinct-contributors-to-outgroup-prejudice.pdf",4,"Ilan Shrira","Population Diversity and Ancestral Diver..."
"539","sim-et-al-2021-bodies-and-minds-heavier-weight-targets-are-de-mentalized-as-lacking-in-mental-agency.pdf",9,"Mattea Sim, Steven M...","Bodies and Minds: Heavier Weight Targets..."
"540","simantov-nachlieli-et-al-2016-agents-of-reconciliation-agency-affirmation-promotes-constructive-tendencies-following.pdf",11,"Ilanit SimanTov-Nach...","Agents of Reconciliation"
"541","singh-et-al-2021-does-cross-race-contact-improve-cross-race-face-perception-a-meta-analysis-of-the-cross-race-deficit.pdf",21,"Balbir Singh, Christ...","Does Cross-Race Contact Improve Cross-Ra..."
"542","skinner-perry-2019-are-attitudes-contagious-exposure-to-biased-nonverbal-signals-can-create-novel-social-attitudes.pdf",11,"Allison L. Skinner a...","Are Attitudes Contagious? Exposure to Bi..."
"543","skitka-et-al-2020-the-gender-gap-who-is-and-is-not-included-on-graduate-level-syllabi-in-social-personality-psychology.pdf",8,"Linda J. Skitka, Zac...","The Gender Gap: Who Is (and Is Not) Incl..."
"544","slepian-et-al-2018-the-solitude-of-secrecy-thinking-about-secrets-evokes-goal-conflict-and-feelings-of-fatigue.pdf",2,"Michael L. Slepian, ...","The Solitude of Secrecy: Thinking About ..."
"546","sorokowska-et-al-2021-blindness-but-not-hmha-anosmia-predicts-loneliness-a-psychophysical-study.pdf",5,"Agnieszka Sorokowska...","Blindness, But Not HMHA Anosmia, Predict..."
"555","stamkou-et-al-2018-cultural-collectivism-and-tightness-moderate-responses-to-norm-violators-effects-on-power-perception.pdf",18,"Eftychia Stamkou, Ge...","Cultural Collectivism and Tightness Mode..."
"557","stanaland-gaither-2021-be-a-man-the-role-of-social-pressure-in-eliciting-men-s-aggressive-cognition.pdf",11,"Adam Stanaland and S...","Be a Man: The Role of Social Pressure ..."
"558","stern-axt-2021-were-americans-political-attitudes-linked-to-objective-threats-from-covid-19-an-examination-of-data-from.pdf",18,"Chadly Stern and Jor...","Were Americans Political Attitudes Link..."
"559","stewart-et-al-2018-deception-detection-and-truth-detection-are-dependent-on-different-cognitive-and-emotional-traits-an.pdf",3,"Suzanne L. K. Stewar...","Deception Detection and Truth Detection ..."
"561","strick-papies-2017-a-brief-mindfulness-exercise-promotes-the-correspondence-between-the-implicit-affiliation-motive-and.pdf",1,"Madelijn Strick and ...","A Brief Mindfulness Exercise Promotes th..."
"566","sturmer-et-al-2018-muslim-immigration-critical-events-and-the-seeds-of-majority-members-support-for-radical-responses.pdf",9,"Stefan Stürmer, Anet...","Muslim Immigration, Critical Events, and..."
"567","syrda-2019-spousal-relative-income-and-male-psychological-distress.pdf",5,"Joanna Syrda","Spousal Relative Income and Male Psychol..."
"570","talhelm-2018-hong-kong-liberals-are-weird-analytic-thought-increases-support-for-liberal-policies.pdf",3,"Thomas Talhelm","Hong Kong Liberals Are WEIRD: Analytic T..."
"573","ten-brinke-et-al-2017-hedge-fund-managers-with-psychopathic-tendencies-make-for-worse-investors.pdf",9,"Leanne ten Brinke, A...","Hedge Fund Managers With Psychopathic Te..."
"574","teunisse-et-al-2019-i-should-have-known-better-development-of-a-self-report-measure-of-gullibility.pdf",15,"Alessandra K. Teunis...","I Should Have Known Better: Development ..."
"577","thiem-et-al-2019-are-black-women-and-girls-associated-with-danger-implicit-racial-bias-at-the-intersection-of-target.pdf",13,"Kelsey C. Thiem, Reb...","Are Black Women and Girls Associated Wit..."
"578","thorstenson-et-al-2019-social-perception-of-facial-color-appearance-for-human-trichromatic-versus-dichromatic-color.pdf",4,"Christopher A. Thors...","Social Perception of Facial Color Appear..."
"581","townsend-et-al-2021-difference-education-improves-first-generation-students-grades-throughout-college-and-increases.pdf",2,"Sarah S. M. Townsend...","Difference-Education Improves First-Gene..."
"582","tripathi-et-al-2018-are-the-motivational-effects-of-autonomy-supportive-conditions-universal-contrasting-results-among.pdf",7,"Ritu Tripathi, Danie...","Are the Motivational Effects of Autonomy..."
"583","tsoi-mcauliffe-2019-individual-differences-in-theory-of-mind-predict-inequity-aversion-in-children.pdf",11,"Lily Tsoi and Kather...","Individual Differences in Theory of Mind..."
"584","turner-zwinkels-van-zomeren-2020-identity-expression-through-collective-action-how-identification-with-a-politicized.pdf",13,"Felicity M. Turner-Z...","Identity Expression Through Collective A..."
"586","uenal-et-al-2020-the-nature-of-islamophobia-a-test-of-a-tripartite-view-in-five-countries.pdf",15,"Fatih Uenal, Robin B...","The Nature of Islamophobia: A Test of a ..."
"587","uziel-baumeister-2017-the-self-control-irony-desire-for-self-control-limits-exertion-of-self-control-in-demanding.pdf",3,"Liad Uziel and Roy F...","The Self-Control Irony: Desire for Self-..."
"593","vail-et-al-2019-natural-but-not-supernatural-literal-immortality-affirmation-attenuates-mortality-salience-effects-on.pdf",2,"Kenneth E. Vail, III...","Natural, But Not Supernatural, Literal I..."
"599","valenti-libby-2017-considering-roads-taken-and-not-taken-how-psychological-distance-influences-the-framing-of-choice.pdf",6,"Greta Valenti and Li...","Considering Roads Taken and Not Taken: H..."
"605","van-breen-et-al-2018-subliminal-gender-stereotypes-who-can-resist.pdf",10,"Jolien A. van Breen,...","Subliminal Gender Stereotypes: Who Can R..."
"606","van-der-toorn-et-al-2017-in-defense-of-tradition-religiosity-conservatism-and-opposition-to-same-sex-marriage-in-north.pdf",11,"Jojanneke van der To...","In Defense of Tradition: Religiosity, Co..."
"607","van-dessel-et-al-2020-illusory-correlation-effects-on-implicit-and-explicit-evaluation.pdf",14,"Pieter Van Dessel, K...","Illusory-Correlation Effects on Implicit..."
"608","van-tilburg-et-al-2018-adverse-weather-evokes-nostalgia.pdf",9,"Wijnand A. P. van Ti...","Adverse Weather Evokes Nostalgia"
"609","vargas-salfate-et-al-2018-a-comparison-of-social-dominance-theory-and-system-justification-the-role-of-social-status-in.pdf",4,"Salvador Vargas-Salf...","A Comparison of Social Dominance Theory ..."
"610","vazquez-et-al-2020-ambivalent-effects-of-positive-contact-between-women-and-men-on-collective-actions-for-women-s-rights.pdf",15,"Alexandra Vázquez, L...","Ambivalent Effects of Positive Contact B..."
"611","veit-et-al-2021-the-big-two-in-hiring-discrimination-evidence-from-a-cross-national-field-experiment.pdf",4,"Susanne Veit, Hannah...","The Big Two in Hiring Discrimination: ..."
"612","vishkin-et-al-2020-religiosity-and-desired-emotions-belief-maintenance-or-prosocial-facilitation.pdf",2,"Allon Vishkin, Shalo...","Religiosity and Desired Emotions: Belief..."
"613","vorauer-quesnel-2016-salient-multiculturalism-enhances-minority-group-members-feelings-of-power.pdf",5,"Jacquie D. Vorauer a...","Salient Multiculturalism Enhances Minori..."
"614","wallace-et-al-2019-perceived-knowledge-moderates-the-relation-between-subjective-ambivalence-and-the-impact-of.pdf",12,"Laura E. Wallace, Ka...","Perceived Knowledge Moderates the Relati..."
"615","wang-ackerman-2018-the-infectiousness-of-crowds-crowding-experiences-are-amplified-by-pathogen-threats.pdf",2,"Iris M. Wang and Jos...","The Infectiousness of Crowds: Crowding E..."
"618","wang-et-al-2018-the-cultural-boundaries-of-perspective-taking-when-and-why-perspective-taking-reduces-stereotyping.pdf",14,"Cynthia S. Wang, Mar...","The Cultural Boundaries of Perspective-T..."
"619","wang-et-al-2021-loudness-perceptions-influence-feelings-of-interpersonal-closeness-and-protect-against-detrimental.pdf",3,"Deming Wang, Ignazio...","Loudness Perceptions Influence Feelings ..."
"621","wang-xie-2020-halfway-to-my-request-is-not-halfway-to-my-heart-underestimating-appreciation-for-partial-help.pdf",8,"Yilu Wang and Xiaofe...","Halfway to My Request Is Not Halfway to ..."
"622","ward-king-2018-gender-differences-in-emotion-explain-women-s-lower-immoral-intentions-and-harsher-moral-condemnation.pdf",16,"Sarah J. Ward and La...","Gender Differences in Emotion Explain Wo..."
"623","weiner-federico-2017-authoritarianism-institutional-confidence-and-willingness-to-engage-in-collective-action-a.pdf",12,"Elliot Weiner and Ch...","Authoritarianism, Institutional Confiden..."
"624","weiss-et-al-2018-two-faced-morality-distrust-promotes-divergent-moral-standards-for-the-self-versus-others.pdf",7,"Alexa Weiss, Pascal ...","Two-Faced Morality: Distrust Promotes Di..."
"627","wenzel-et-al-2017-the-mandate-of-the-collective-apology-representativeness-determines-perceived-sincerity-and.pdf",9,"Michael Wenzel, Tyle...","The Mandate of the Collective: Apology R..."
"629","west-2019-testing-hypersensitive-responses-ethnic-minorities-are-not-more-sensitive-to-microaggressions-they-just.pdf",8,"Keon West","Testing Hypersensitive Responses: Ethnic..."
"630","whillans-et-al-2017-from-misperception-to-social-connection-correlates-and-consequences-of-overestimating-others-social.pdf",15,"Ashley V. Whillans, ...","From Misperception to Social Connection:..."
"632","white-schaller-2018-are-children-perceived-to-be-morally-exceptional-different-sets-of-psychological-variables-predict.pdf",2,"Cindel J. M. White a...","Are Children Perceived to Be Morally Exc..."
"634","wice-davidai-2020-benevolent-conformity-the-influence-of-perceived-motives-on-judgments-of-conformity.pdf",12,"Matthew Wice and Sha...","Benevolent Conformity: The Influence of ..."
"635","williamson-o-hara-2017-who-gets-social-support-who-gives-it-and-how-it-s-related-to-recipient-s-mood.pdf",18,"J. Austin Williamson...","Who Gets Social Support, Who Gives It, a..."
"637","williamson-wilkowski-2019-nipping-temptation-in-the-bud-examining-strategic-self-control-in-daily-life.pdf",14,"Laverl Z. Williamson...","Nipping Temptation in the Bud: Examining..."
"638","winter-leclerc-2019-developing-a-measure-of-generative-historical-consciousness-from-political-leaders-speeches.pdf",3,"David G. Winter and ...","Developing a Measure of Generative Histo..."
"641","wisneski-skitka-2016-moralization-through-moral-shock-exploring-emotional-antecedents-to-moral-conviction.pdf",9,"Daniel C. Wisneski a...","Moralization Through Moral Shock"
"642","xu-et-al-2020-individual-differences-in-attitude-consistency-over-time-the-personal-attitude-stability-scale.pdf",1,"Mengran Xu, Pablo Br...","Individual Differences in Attitude Consi..."
"645","xu-shrout-2018-accuracy-and-bias-in-perception-of-distress-level-and-distress-change-among-same-sex-college-student.pdf",11,"Qi Xu and Patrick E....","Accuracy and Bias in Perception of Distr..."
"647","yantis-bonam-2020-inconceivable-middle-class-black-space-the-architecture-and-consequences-of-space-focused-stereotype.pdf",6,"Caitlyn Yantis and C...","Inconceivable Middle-Class Black Space: ..."
"648","yao-chao-2018-when-forgiveness-signals-power-effects-of-forgiveness-expression-and-forgiver-gender.pdf",6,"Donna Jingdan Yao an...","When Forgiveness Signals Power: Effects ..."
"650","yu-et-al-2019-on-ladders-and-pyramids-hierarchy-s-shape-determines-relationships-and-performance-in-groups.pdf",2,"Siyu Yu, Lindred L. ...","On Ladders and Pyramids: Hierarchys Sha..."
"653","zedelius-et-al-2020-lay-theories-of-the-wandering-mind-control-related-beliefs-predict-mind-wandering-rates-in-and.pdf",1,"Claire M. Zedelius, ...","Lay Theories of the Wandering Mind: Cont..."
"657","zhang-alicke-2020-my-true-self-is-better-than-yours-comparative-bias-in-true-self-judgments.pdf",16,"Yiyue Zhang and Mark...","My True Self is Better Than Yours: Compa..."
"658","zhang-et-al-2018-how-do-people-judge-meaning-in-goal-directed-behaviors-the-interplay-between-self-concordance-and.pdf",17,"Hong Zhang, Kaiyuan ...","How Do People Judge Meaning in Goal-Dire..."
"661","zhang-et-al-2019-a-compassionate-self-is-a-true-self-self-compassion-promotes-subjective-authenticity.pdf",13,"Jia Wei Zhang, Seren...","A Compassionate Self Is a True Self? Sel..."
"662","zhang-north-2020-what-goes-down-when-advice-goes-up-younger-advisers-underestimate-their-impact.pdf",14,"Ting Zhang and Micha...","What Goes Down When Advice Goes Up: Youn..."
"664","zhou-et-al-2019-conflating-temporal-advancement-and-epistemic-advancement-the-progression-bias-in-judgment-and-decision.pdf",6,"Haotian Zhou, Xilin ...","Conflating Temporal Advancement and Epis..."
"669","zou-et-al-2018-nostalgia-increases-financial-risk-taking.pdf",9,"Xi Zou, Margaret Lee...","Nostalgia Increases Financial Risk Takin..."
"672","zuckerman-et-al-2018-religion-as-an-exchange-system-the-interchangeability-of-god-and-government-in-a-provider-role.pdf",12,"Miron Zuckerman, Che...","Religion as an Exchange System: The Inte..."
