term,doi,page,author,title
accessib,adam-troian-et-al-2021-we-shall-overcome-first-person-plural-pronouns-from-search-volume-data-predict-protest.pdf,2,"Jais Adam-Troian, Er...",We Shall Overcome: First-Person Plural...
accessib,adam-troian-et-al-2021-we-shall-overcome-first-person-plural-pronouns-from-search-volume-data-predict-protest.pdf,3,"Jais Adam-Troian, Er...",We Shall Overcome: First-Person Plural...
accessib,adam-troian-et-al-2021-we-shall-overcome-first-person-plural-pronouns-from-search-volume-data-predict-protest.pdf,5,"Jais Adam-Troian, Er...",We Shall Overcome: First-Person Plural...
accessib,albohn-adams-2020-emotion-residue-in-neutral-faces-implications-for-impression-formation.pdf,2,Daniel N. Albohn and...,Emotion Residue in Neutral Faces: Implic...
neurotyp,albohn-adams-2020-emotion-residue-in-neutral-faces-implications-for-impression-formation.pdf,1,Daniel N. Albohn and...,Emotion Residue in Neutral Faces: Implic...
accessib,alt-et-al-2021-the-face-of-social-networks-naive-observers-accurate-assessment-of-others-social-network-positions-from.pdf,6,"Nicholas P. Alt, Car...",The Face of Social Networks: Naive Obser...
accessib,anglim-horwood-2021-effect-of-the-covid-19-pandemic-and-big-five-personality-on-subjective-and-psychological-well-being.pdf,10,Jeromy Anglim and Sh...,Effect of the COVID-19 Pandemic and Big ...
Diseased,anglim-horwood-2021-effect-of-the-covid-19-pandemic-and-big-five-personality-on-subjective-and-psychological-well-being.pdf,11,Jeromy Anglim and Sh...,Effect of the COVID-19 Pandemic and Big ...
Impairment,araiza-et-al-2019-social-experience-and-temperamental-predictors-of-rejection-sensitivity-a-prospective-study.pdf,3,"Ashley M. Araiza, An...",Social-Experience and Temperamental Pred...
Syndrome,armstrong-et-al-2018-clarifying-gender-differences-in-moral-dilemma-judgments-the-complementary-roles-of-harm-aversion.pdf,11,"Joel Armstrong, Rebe...",Clarifying Gender Differences in Moral D...
Syndrome,baranski-et-al-2017-comparisons-of-daily-behavior-across-21-countries.pdf,13,"Erica N. Baranski, G...",Comparisons of Daily Behavior Across 21 ...
person-first,barlev-et-al-2022-weight-location-moderates-weight-based-self-devaluation-and-perceived-social-devaluation-in-women.pdf,9,"Michael Barlev, Ahra...",Weight Location Moderates Weight-Based S...
accessib,baryla-wojciszke-2018-success-leads-to-agentic-cognition-two-field-studies.pdf,1,Wiesaw Barya and B...,Success Leads to Agentic Cognition: Two ...
accessib,baryla-wojciszke-2018-success-leads-to-agentic-cognition-two-field-studies.pdf,2,Wiesaw Barya and B...,Success Leads to Agentic Cognition: Two ...
accessib,baryla-wojciszke-2018-success-leads-to-agentic-cognition-two-field-studies.pdf,3,Wiesaw Barya and B...,Success Leads to Agentic Cognition: Two ...
accessib,beckes-et-al-2016-desperately-seeking-support-negative-reinforcement-schedules-in-the-formation-of-adult-attachment.pdf,2,"Lane Beckes, Kailey ...",Desperately Seeking Support
accessib,beckes-et-al-2016-desperately-seeking-support-negative-reinforcement-schedules-in-the-formation-of-adult-attachment.pdf,9,"Lane Beckes, Kailey ...",Desperately Seeking Support
Dysfunction,bendersky-hays-2016-the-positive-effects-of-status-conflicts-in-teams-where-members-perceive-status-hierarchies.pdf,1,Corinne Bendersky an...,The Positive Effects of Status Conflicts...
Dysfunction,bendersky-hays-2016-the-positive-effects-of-status-conflicts-in-teams-where-members-perceive-status-hierarchies.pdf,2,Corinne Bendersky an...,The Positive Effects of Status Conflicts...
Dysfunction,bendersky-hays-2016-the-positive-effects-of-status-conflicts-in-teams-where-members-perceive-status-hierarchies.pdf,8,Corinne Bendersky an...,The Positive Effects of Status Conflicts...
accessib,bendersky-hays-2016-the-positive-effects-of-status-conflicts-in-teams-where-members-perceive-status-hierarchies.pdf,2,Corinne Bendersky an...,The Positive Effects of Status Conflicts...
accessib,bendersky-hays-2016-the-positive-effects-of-status-conflicts-in-teams-where-members-perceive-status-hierarchies.pdf,5,Corinne Bendersky an...,The Positive Effects of Status Conflicts...
accessib,bendersky-hays-2016-the-positive-effects-of-status-conflicts-in-teams-where-members-perceive-status-hierarchies.pdf,7,Corinne Bendersky an...,The Positive Effects of Status Conflicts...
accessib,berger-barasch-2017-a-candid-advantage-the-social-benefits-of-candid-photos.pdf,6,Jonah Berger and Ali...,A Candid Advantage? The Social Benefits ...
debilit,bergh-reinstein-2020-empathic-and-numerate-giving-the-joint-effects-of-victim-images-and-charity-evaluations.pdf,4,Robin Bergh and Davi...,Empathic and Numerate Giving: The Joint ...
Paralyzed,bergh-reinstein-2020-empathic-and-numerate-giving-the-joint-effects-of-victim-images-and-charity-evaluations.pdf,4,Robin Bergh and Davi...,Empathic and Numerate Giving: The Joint ...
Impairment,bernard-et-al-2017-the-neural-correlates-of-cognitive-objectification-an-erp-study-on-the-body-inversion-effect.pdf,10,"Philippe Bernard, Ti...",The Neural Correlates of Cognitive Objec...
Syndrome,blagov-2020-adaptive-and-dark-personality-in-the-covid-19-pandemic-predicting-health-behavior-endorsement-and-the.pdf,1,Pavel S. Blagov,Adaptive and Dark Personality in the COV...
deficien,bleidorn-et-al-2020-health-adversity-and-value-change.pdf,1,"Wiebke Bleidorn, Ted...",Health Adversity and Value Change
accessib,bohns-devincent-2018-rejecting-unwanted-romantic-advances-is-more-difficult-than-suitors-realize.pdf,2,Vanessa K. Bohns and...,Rejecting Unwanted Romantic Advances Is ...
accessib,bohns-devincent-2018-rejecting-unwanted-romantic-advances-is-more-difficult-than-suitors-realize.pdf,6,Vanessa K. Bohns and...,Rejecting Unwanted Romantic Advances Is ...
accessib,briskin-et-al-2017-for-better-or-for-worse-outsourcing-self-regulation-and-goal-pursuit.pdf,11,"Julia L. Briskin, Ca...",For Better or for Worse? Outsourcing Sel...
accessib,bruneau-et-al-2017-giving-the-underdog-a-leg-up-a-counternarrative-of-nonviolent-resistance-improves-sustained-third.pdf,7,"Emile Bruneau, Danie...",Giving the Underdog a Leg Up
Defect,bruneau-et-al-2017-giving-the-underdog-a-leg-up-a-counternarrative-of-nonviolent-resistance-improves-sustained-third.pdf,9,"Emile Bruneau, Danie...",Giving the Underdog a Leg Up
accessib,buechner-et-al-2020-political-ideology-and-executive-functioning-the-effect-of-conservatism-and-liberalism-on-cognitive.pdf,7,"Bryan M. Buechner, J...",Political Ideology and Executive Functio...
accessib,bushman-2017-guns-automatically-prime-aggressive-thoughts-regardless-of-whether-a-good-guy-or-bad-guy-holds-the-gun.pdf,1,Brad J. Bushman,Guns Automatically Prime Aggressive Thou...
accessib,bushman-2017-guns-automatically-prime-aggressive-thoughts-regardless-of-whether-a-good-guy-or-bad-guy-holds-the-gun.pdf,2,Brad J. Bushman,Guns Automatically Prime Aggressive Thou...
accessib,bushman-2017-guns-automatically-prime-aggressive-thoughts-regardless-of-whether-a-good-guy-or-bad-guy-holds-the-gun.pdf,7,Brad J. Bushman,Guns Automatically Prime Aggressive Thou...
Dysfunction,caluori-et-al-2020-economic-inequality-shapes-the-relationship-between-globalization-and-prejudice.pdf,10,"Nava Caluori, Jazmin...",Economic Inequality Shapes the Relations...
Dysfunction,canning-et-al-2019-feeling-like-an-imposter-the-effect-of-perceived-classroom-competition-on-the-daily-psychological.pdf,11,Elizabeth A. Canning...,Feeling Like an Imposter: The Effect of ...
Handicap,canning-et-al-2019-feeling-like-an-imposter-the-effect-of-perceived-classroom-competition-on-the-daily-psychological.pdf,11,Elizabeth A. Canning...,Feeling Like an Imposter: The Effect of ...
Syndrome,canning-et-al-2019-feeling-like-an-imposter-the-effect-of-perceived-classroom-competition-on-the-daily-psychological.pdf,9,Elizabeth A. Canning...,Feeling Like an Imposter: The Effect of ...
Syndrome,canning-et-al-2019-feeling-like-an-imposter-the-effect-of-perceived-classroom-competition-on-the-daily-psychological.pdf,10,Elizabeth A. Canning...,Feeling Like an Imposter: The Effect of ...
Syndrome,cantarero-et-al-2020-affirming-basic-psychological-needs-promotes-mental-well-being-during-the-covid-19-outbreak.pdf,1,"Katarzyna Cantarero,...",Affirming Basic Psychological Needs Prom...
disab,chandler-paolacci-2017-lie-for-a-dime-when-most-prescreening-responses-are-honest-but-most-study-participants-are.pdf,4,Jesse J. Chandler an...,Lie for a Dime
accessib,cheek-norem-2019-are-big-five-traits-and-facets-associated-with-anchoring-susceptibility.pdf,7,Nathan N. Cheek and ...,Are Big Five Traits and Facets Associate...
accessib,cheek-norem-2019-are-big-five-traits-and-facets-associated-with-anchoring-susceptibility.pdf,8,Nathan N. Cheek and ...,Are Big Five Traits and Facets Associate...
accessib,chen-et-al-2017-to-be-or-not-to-be-black-or-multiracial-or-white-cultural-variation-in-racial-boundaries.pdf,7,"Jacqueline M. Chen, ...",To Be or Not to Be (Black or Multiracial...
accessib,chen-et-al-2020-is-it-cultural-context-or-cultural-value-unpackaging-cultural-influences-on-stigma-toward-mental.pdf,3,"Sylvia Xiaohua Chen,...",Is It Cultural Context or Cultural Value...
Defect,chen-et-al-2020-is-it-cultural-context-or-cultural-value-unpackaging-cultural-influences-on-stigma-toward-mental.pdf,7,"Sylvia Xiaohua Chen,...",Is It Cultural Context or Cultural Value...
accessib,cheung-et-al-2017-back-to-the-future-methodologies-that-capture-real-people-in-the-real-world.pdf,3,"Ho Kwan Cheung, Mikk...",Back to the Future
accessib,cheung-et-al-2017-back-to-the-future-methodologies-that-capture-real-people-in-the-real-world.pdf,4,"Ho Kwan Cheung, Mikk...",Back to the Future
Syndrome,chmielewski-kucker-2019-an-mturk-crisis-shifts-in-data-quality-and-the-impact-on-study-results.pdf,3,Michael Chmielewski ...,An MTurk Crisis? Shifts in Data Quality ...
accessib,christy-et-al-2017-the-reciprocal-relationship-between-perceptions-of-moral-goodness-and-knowledge-of-others-true-selves.pdf,7,"Andrew G. Christy, J...",The Reciprocal Relationship Between Perc...
maim,cipollina-et-al-2021-disclosure-style-and-response-engagement-during-disclosures-of-concealable-stigmatized-identities.pdf,1,"Rebecca Cipollina, D...",Disclosure Style and Response Engagement...
maim,cipollina-et-al-2021-disclosure-style-and-response-engagement-during-disclosures-of-concealable-stigmatized-identities.pdf,8,"Rebecca Cipollina, D...",Disclosure Style and Response Engagement...
maim,cipollina-et-al-2021-disclosure-style-and-response-engagement-during-disclosures-of-concealable-stigmatized-identities.pdf,10,"Rebecca Cipollina, D...",Disclosure Style and Response Engagement...
accessib,colman-et-al-2017-seeing-and-feeling-your-way-to-accurate-personality-judgments-the-moderating-role-of-perceiver.pdf,9,"Douglas E. Colman, T...",Seeing and Feeling Your Way to Accurate ...
afflict,cooley-et-al-2020-investigating-the-health-consequences-for-white-americans-who-believe-white-americans-are-wealthy.pdf,8,"Erin Cooley, Jazmin ...",Investigating the Health Consequences fo...
\blame,costello-lilienfeld-2020-social-and-economic-political-ideology-consistently-operate-as-mutual-suppressors-implications.pdf,1,Thomas H. Costello a...,Social and Economic Political Ideology C...
\blame,costello-lilienfeld-2020-social-and-economic-political-ideology-consistently-operate-as-mutual-suppressors-implications.pdf,11,Thomas H. Costello a...,Social and Economic Political Ideology C...
Syndrome,costello-lilienfeld-2020-social-and-economic-political-ideology-consistently-operate-as-mutual-suppressors-implications.pdf,1,Thomas H. Costello a...,Social and Economic Political Ideology C...
Syndrome,costello-lilienfeld-2020-social-and-economic-political-ideology-consistently-operate-as-mutual-suppressors-implications.pdf,11,Thomas H. Costello a...,Social and Economic Political Ideology C...
disab,crandall-et-al-2018-changing-norms-following-the-2016-u-s-presidential-election-the-trump-effect-on-prejudice.pdf,2,Christian S. Crandal...,Changing Norms Following the 2016 U.S. P...
disab,crandall-et-al-2018-changing-norms-following-the-2016-u-s-presidential-election-the-trump-effect-on-prejudice.pdf,4,Christian S. Crandal...,Changing Norms Following the 2016 U.S. P...
disab,crandall-et-al-2018-changing-norms-following-the-2016-u-s-presidential-election-the-trump-effect-on-prejudice.pdf,6,Christian S. Crandal...,Changing Norms Following the 2016 U.S. P...
\babled,crandall-et-al-2018-changing-norms-following-the-2016-u-s-presidential-election-the-trump-effect-on-prejudice.pdf,5,Christian S. Crandal...,Changing Norms Following the 2016 U.S. P...
accessib,dalege-et-al-2017-network-analysis-on-attitudes-a-brief-tutorial.pdf,9,"Jonas Dalege, Denny ...",Network Analysis on Attitudes
accessib,dalege-et-al-2018-a-network-perspective-on-attitude-strength-testing-the-connectivity-hypothesis.pdf,1,"Jonas Dalege, Denny ...",A Network Perspective on Attitude Streng...
accessib,dalege-et-al-2018-a-network-perspective-on-attitude-strength-testing-the-connectivity-hypothesis.pdf,8,"Jonas Dalege, Denny ...",A Network Perspective on Attitude Streng...
accessib,dalege-et-al-2018-a-network-perspective-on-attitude-strength-testing-the-connectivity-hypothesis.pdf,9,"Jonas Dalege, Denny ...",A Network Perspective on Attitude Streng...
accessib,dalege-et-al-2018-a-network-perspective-on-attitude-strength-testing-the-connectivity-hypothesis.pdf,10,"Jonas Dalege, Denny ...",A Network Perspective on Attitude Streng...
Syndrome,daniel-et-al-2021-changes-in-personal-values-in-pandemic-times.pdf,9,"Ella Daniel, Anat Ba...",Changes in Personal Values in Pandemic T...
Dysfunction,de-moor-et-al-2018-linking-stressful-experiences-and-psychological-problems-the-role-of-self-esteem.pdf,8,Elisabeth L. de Moor...,Linking Stressful Experiences and Psycho...
Defect,demarco-newheiser-2017-coping-with-group-members-who-insult-the-in-group.pdf,10,Tina C. DeMarco and ...,Coping With Group Members Who Insult the...
Impairment,deska-et-al-2016-of-mannequins-and-men-ascriptions-of-mind-in-faces-are-bounded-by-perceptual-and-processing.pdf,7,"Jason C. Deska, Stev...",Of Mannequins and Men
disab,dilorenzo-et-al-2017-presence-of-an-attachment-figure-is-associated-with-greater-sensitivity-to-physical-pain-following.pdf,8,Miranda G. DiLorenzo...,Presence of an Attachment Figure Is Asso...
Syndrome,dilorenzo-et-al-2017-presence-of-an-attachment-figure-is-associated-with-greater-sensitivity-to-physical-pain-following.pdf,2,Miranda G. DiLorenzo...,Presence of an Attachment Figure Is Asso...
Syndrome,dinulescu-et-al-2020-self-referential-processing-predicts-social-cognitive-ability.pdf,8,"Stejara Dinulescu, T...",Self-Referential Processing Predicts Soc...
neurotyp,dinulescu-et-al-2020-self-referential-processing-predicts-social-cognitive-ability.pdf,3,"Stejara Dinulescu, T...",Self-Referential Processing Predicts Soc...
neurotyp,dinulescu-et-al-2020-self-referential-processing-predicts-social-cognitive-ability.pdf,7,"Stejara Dinulescu, T...",Self-Referential Processing Predicts Soc...
accessib,dong-et-al-2021-culture-status-and-hypocrisy-high-status-people-who-don-t-practice-what-they-preach-are-viewed-as-worse.pdf,8,"Mengchen Dong, Jan-W...","Culture, Status, and Hypocrisy: High-Sta..."
Syndrome,dufner-et-al-2019-the-end-of-a-stereotype-only-children-are-not-more-narcissistic-than-people-with-siblings.pdf,9,"Michael Dufner, Mitj...",The End of a Stereotype: Only Children A...
accessib,dunlop-et-al-2017-when-i-think-of-you-i-project-myself-examining-idiographic-goals-from-the-perspective-of-self-and.pdf,7,"William L. Dunlop, T...",When I Think of You I Project Myself
Chronic illness,dunlop-et-al-2017-when-i-think-of-you-i-project-myself-examining-idiographic-goals-from-the-perspective-of-self-and.pdf,2,"William L. Dunlop, T...",When I Think of You I Project Myself
accessib,elmore-luna-lucero-2016-light-bulbs-or-seeds-how-metaphors-for-ideas-influence-judgments-about-genius.pdf,1,Kristen C. Elmore an...,Light Bulbs or Seeds? How Metaphors for ...
accessib,elmore-luna-lucero-2016-light-bulbs-or-seeds-how-metaphors-for-ideas-influence-judgments-about-genius.pdf,2,Kristen C. Elmore an...,Light Bulbs or Seeds? How Metaphors for ...
accessib,elmore-luna-lucero-2016-light-bulbs-or-seeds-how-metaphors-for-ideas-influence-judgments-about-genius.pdf,7,Kristen C. Elmore an...,Light Bulbs or Seeds? How Metaphors for ...
Dysfunction,entringer-gosling-2021-loneliness-during-a-nationwide-lockdown-and-the-moderating-effect-of-extroversion.pdf,2,Theresa M. Entringer...,Loneliness During a Nationwide Lockdown ...
deficien,entringer-gosling-2021-loneliness-during-a-nationwide-lockdown-and-the-moderating-effect-of-extroversion.pdf,1,Theresa M. Entringer...,Loneliness During a Nationwide Lockdown ...
deficien,entringer-gosling-2021-loneliness-during-a-nationwide-lockdown-and-the-moderating-effect-of-extroversion.pdf,2,Theresa M. Entringer...,Loneliness During a Nationwide Lockdown ...
accessib,faure-et-al-2021-implicit-ambivalence-a-driving-force-to-improve-relationship-problems.pdf,9,"Ruddy Faure, James K...",Implicit Ambivalence: A Driving Force to...
afflict,federico-et-al-2020-collective-narcissism-in-group-satisfaction-and-solidarity-in-the-face-of-covid-19.pdf,3,Christopher M. Feder...,"Collective Narcissism, In-Group Satisfac..."
Syndrome,feldman-et-al-2017-frankly-we-do-give-a-damn-the-relationship-between-profanity-and-honesty.pdf,1,"Gilad Feldman, Huiwe...","Frankly, We Do Give a Damn"
Syndrome,feldman-et-al-2017-frankly-we-do-give-a-damn-the-relationship-between-profanity-and-honesty.pdf,9,"Gilad Feldman, Huiwe...","Frankly, We Do Give a Damn"
Handicap,ferguson-et-al-2018-costless-and-costly-prosociality-correspondence-among-personality-traits-economic-preferences-and.pdf,11,"Eamonn Ferguson, Kun...",Costless and Costly Prosociality: Corres...
accessib,fischer-karl-2021-predicting-behavioral-intentions-to-prevent-or-mitigate-covid-19-a-cross-cultural-meta-analysis-of.pdf,3,Ronald Fischer and J...,Predicting Behavioral Intentions to Prev...
accessib,flake-et-al-2017-construct-validation-in-social-and-personality-research-current-practice-and-recommendations.pdf,9,"Jessica K. Flake, Jo...",Construct Validation in Social and Perso...
accessib,fleischmann-et-al-2017-paradoxical-effects-of-power-on-moral-thinking-why-power-both-increases-and-decreases.pdf,10,Alexandra Fleischman...,Paradoxical Effects of Power on Moral Th...
\blame,formanowicz-2020-verb-intergroup-bias-verbs-are-used-more-often-in-reference-to-in-groups-than-out-groups.pdf,3,Magdalena Formanowic...,Verb Intergroup Bias: Verbs Are Used Mor...
\blame,formanowicz-2020-verb-intergroup-bias-verbs-are-used-more-often-in-reference-to-in-groups-than-out-groups.pdf,9,Magdalena Formanowic...,Verb Intergroup Bias: Verbs Are Used Mor...
Impairment,formanowicz-2020-verb-intergroup-bias-verbs-are-used-more-often-in-reference-to-in-groups-than-out-groups.pdf,2,Magdalena Formanowic...,Verb Intergroup Bias: Verbs Are Used Mor...
accessib,formanowicz-2020-verb-intergroup-bias-verbs-are-used-more-often-in-reference-to-in-groups-than-out-groups.pdf,8,Magdalena Formanowic...,Verb Intergroup Bias: Verbs Are Used Mor...
Defect,formanowicz-2020-verb-intergroup-bias-verbs-are-used-more-often-in-reference-to-in-groups-than-out-groups.pdf,8,Magdalena Formanowic...,Verb Intergroup Bias: Verbs Are Used Mor...
Handicap,forsberg-et-al-2018-moral-dichotomization-at-the-heart-of-prejudice-the-role-of-moral-foundations-and-intolerance-of.pdf,4,"Erik Forsberg, Artur...",Moral Dichotomization at the Heart of Pr...
accessib,fourakis-cone-2019-matters-order-the-role-of-information-order-on-implicit-impression-formation.pdf,8,Eva Fourakis and Jer...,Matters Order: The Role of Information O...
deficien,fredman-et-al-2017-god-or-country-fusion-with-judaism-predicts-desire-for-retaliation-following-palestinian-stabbing.pdf,1,"Leah A. Fredman, Bro...",God or Country? Fusion With Judaism Pred...
feebl,frimer-2018-does-the-left-hair-part-look-better-or-worse-than-the-right.pdf,1,Jeremy A. Frimer,Does the Left Hair Part Look Better (or ...
Dysfunction,gampa-et-al-2019-ideo-logical-reasoning-ideology-impairs-sound-reasoning.pdf,1,"Anup Gampa, Sean P. ...",(Ideo)Logical Reasoning: Ideology Impair...
accessib,genschow-lange-2022-belief-in-free-will-is-related-to-internal-attribution-in-self-perception.pdf,3,Oliver Genschow and ...,Belief in Free Will Is Related to Intern...
disab,gernsbacher-et-al-2019-autistic-people-do-enhance-their-selves.pdf,2,Morton Ann Gernsbach...,Autistic People Do Enhance Their Selves
disab,gernsbacher-et-al-2019-autistic-people-do-enhance-their-selves.pdf,5,Morton Ann Gernsbach...,Autistic People Do Enhance Their Selves
disab,gernsbacher-et-al-2019-autistic-people-do-enhance-their-selves.pdf,7,Morton Ann Gernsbach...,Autistic People Do Enhance Their Selves
disab,gernsbacher-et-al-2019-autistic-people-do-enhance-their-selves.pdf,8,Morton Ann Gernsbach...,Autistic People Do Enhance Their Selves
disab,gernsbacher-et-al-2019-autistic-people-do-enhance-their-selves.pdf,9,Morton Ann Gernsbach...,Autistic People Do Enhance Their Selves
disab,gernsbacher-et-al-2019-autistic-people-do-enhance-their-selves.pdf,11,Morton Ann Gernsbach...,Autistic People Do Enhance Their Selves
\blame,gernsbacher-et-al-2019-autistic-people-do-enhance-their-selves.pdf,1,Morton Ann Gernsbach...,Autistic People Do Enhance Their Selves
accessib,gernsbacher-et-al-2019-autistic-people-do-enhance-their-selves.pdf,5,Morton Ann Gernsbach...,Autistic People Do Enhance Their Selves
accessib,gernsbacher-et-al-2019-autistic-people-do-enhance-their-selves.pdf,6,Morton Ann Gernsbach...,Autistic People Do Enhance Their Selves
person-first,gernsbacher-et-al-2019-autistic-people-do-enhance-their-selves.pdf,9,Morton Ann Gernsbach...,Autistic People Do Enhance Their Selves
person-first,gernsbacher-et-al-2019-autistic-people-do-enhance-their-selves.pdf,10,Morton Ann Gernsbach...,Autistic People Do Enhance Their Selves
Syndrome,gernsbacher-et-al-2019-autistic-people-do-enhance-their-selves.pdf,9,Morton Ann Gernsbach...,Autistic People Do Enhance Their Selves
accessib,gheorghiu-et-al-2019-a-thin-slice-of-science-communication-are-people-s-evaluations-of-ted-talks-predicted-by.pdf,2,"Ana I. Gheorghiu, Mi...",A Thin Slice of Science Communication: A...
accessib,gheorghiu-et-al-2019-a-thin-slice-of-science-communication-are-people-s-evaluations-of-ted-talks-predicted-by.pdf,7,"Ana I. Gheorghiu, Mi...",A Thin Slice of Science Communication: A...
deficien,girme-et-al-2021-unsupported-and-stigmatized-the-association-between-relationship-status-and-well-being-is-mediated-by.pdf,2,"Yuthika U. Girme, Ch...",Unsupported and Stigmatized? The Associa...
\blame,gollwitzer-et-al-2021-does-lockdown-compliance-reflect-a-latent-trait.pdf,7,"Mario Gollwitzer, Ch...",Does Lockdown Compliance Reflect a Laten...
accessib,gollwitzer-et-al-2021-linking-self-reported-social-distancing-to-real-world-behavior-during-the-covid-19-pandemic.pdf,9,"Anton Gollwitzer, Ki...",Linking Self-Reported Social Distancing ...
accessib,gomila-et-al-2017-the-audio-check-a-method-for-improving-data-quality-and-detecting-data-fabrication.pdf,2,"Robin Gomila, Rebecc...",The Audio Check
Syndrome,gul-et-al-2021-disease-avoidance-motives-trade-off-against-social-motives-especially-mate-seeking-to-predict-social.pdf,12,"Pelin Gul, Nils Kees...",Disease Avoidance Motives Trade-Off Agai...
accessib,gustafsson-senden-et-al-2019-of-caring-nurses-and-assertive-police-officers-social-role-information-overrides-gender.pdf,7,Marie Gustafsson Sen...,Of Caring Nurses and Assertive Police Of...
Syndrome,hakim-et-al-2016-do-easterners-and-westerners-differ-in-visual-cognition-a-preregistered-examination-of-three-visual.pdf,11,"Nicole Hakim, Daniel...",Do Easterners and Westerners Differ in V...
accessib,halali-et-al-2017-more-for-us-or-more-for-me-social-dominance-as-parochial-egoism.pdf,1,"Eliran Halali, Anna ...",More for Us or More for Me? Social Domin...
Impairment,hall-et-al-2018-decoding-the-dynamics-of-social-identity-threat-in-the-workplace-a-within-person-analysis-of-women-s.pdf,2,"William Hall, Toni S...",Decoding the Dynamics of Social Identity...
disab,han-et-al-2020-feelings-of-annoyance-and-spoken-anger-words-in-couples-everyday-lives-the-role-of-family-of-origin.pdf,3,"Sohyun C. Han, Hanna...",Feelings of Annoyance and Spoken Anger W...
Dysfunction,han-et-al-2020-feelings-of-annoyance-and-spoken-anger-words-in-couples-everyday-lives-the-role-of-family-of-origin.pdf,9,"Sohyun C. Han, Hanna...",Feelings of Annoyance and Spoken Anger W...
Dysfunction,hannay-et-al-2021-economic-inequality-and-the-pursuit-of-pleasure.pdf,10,"Jason W. Hannay, B. ...",Economic Inequality and the Pursuit of P...
Impairment,harari-et-al-2017-an-evaluation-of-students-interest-in-and-compliance-with-self-tracking-methods-recommendations-for.pdf,13,"Gabriella M. Harari,...",An Evaluation of Students Interest in a...
deficien,harari-et-al-2017-an-evaluation-of-students-interest-in-and-compliance-with-self-tracking-methods-recommendations-for.pdf,13,"Gabriella M. Harari,...",An Evaluation of Students Interest in a...
Syndrome,harari-et-al-2017-an-evaluation-of-students-interest-in-and-compliance-with-self-tracking-methods-recommendations-for.pdf,13,"Gabriella M. Harari,...",An Evaluation of Students Interest in a...
accessib,harp-et-al-2020-spring-break-or-heart-break-extending-valence-bias-to-emotional-words.pdf,3,"Nicholas R. Harp, Ca...",Spring Break or Heart Break? Extending V...
accessib,hasan-aslih-et-al-2020-the-quest-for-hope-disadvantaged-group-members-can-fulfill-their-desire-to-feel-hope-but-only.pdf,8,"Siwar Hasan-Aslih, E...",The Quest for Hope: Disadvantaged Group ...
accessib,hauser-schwarz-2020-situated-embodiment-when-physical-weight-does-and-does-not-inform-judgments-of-importance.pdf,1,David J. Hauser and ...,Situated Embodiment: When Physical Weigh...
accessib,hauser-schwarz-2020-situated-embodiment-when-physical-weight-does-and-does-not-inform-judgments-of-importance.pdf,2,David J. Hauser and ...,Situated Embodiment: When Physical Weigh...
accessib,hauser-schwarz-2020-situated-embodiment-when-physical-weight-does-and-does-not-inform-judgments-of-importance.pdf,4,David J. Hauser and ...,Situated Embodiment: When Physical Weigh...
accessib,hauser-schwarz-2020-situated-embodiment-when-physical-weight-does-and-does-not-inform-judgments-of-importance.pdf,6,David J. Hauser and ...,Situated Embodiment: When Physical Weigh...
accessib,hauser-schwarz-2020-situated-embodiment-when-physical-weight-does-and-does-not-inform-judgments-of-importance.pdf,7,David J. Hauser and ...,Situated Embodiment: When Physical Weigh...
feebl,hauser-schwarz-2020-situated-embodiment-when-physical-weight-does-and-does-not-inform-judgments-of-importance.pdf,6,David J. Hauser and ...,Situated Embodiment: When Physical Weigh...
accessib,heffernan-et-al-2018-are-people-attracted-to-others-who-resemble-their-opposite-sex-parents-an-examination-of-mate.pdf,2,"Marie E. Heffernan, ...",Are People Attracted to Others Who Resem...
disab,hehman-et-al-2020-using-environmental-features-to-maximize-prediction-of-regional-intergroup-bias.pdf,2,"Eric Hehman, Eugene ...",Using Environmental Features to Maximize...
disab,hehman-et-al-2020-using-environmental-features-to-maximize-prediction-of-regional-intergroup-bias.pdf,3,"Eric Hehman, Eugene ...",Using Environmental Features to Maximize...
disab,hehman-et-al-2020-using-environmental-features-to-maximize-prediction-of-regional-intergroup-bias.pdf,5,"Eric Hehman, Eugene ...",Using Environmental Features to Maximize...
disab,hehman-et-al-2020-using-environmental-features-to-maximize-prediction-of-regional-intergroup-bias.pdf,6,"Eric Hehman, Eugene ...",Using Environmental Features to Maximize...
disab,hehman-et-al-2020-using-environmental-features-to-maximize-prediction-of-regional-intergroup-bias.pdf,7,"Eric Hehman, Eugene ...",Using Environmental Features to Maximize...
disab,hehman-et-al-2020-using-environmental-features-to-maximize-prediction-of-regional-intergroup-bias.pdf,9,"Eric Hehman, Eugene ...",Using Environmental Features to Maximize...
\babled,hehman-et-al-2020-using-environmental-features-to-maximize-prediction-of-regional-intergroup-bias.pdf,2,"Eric Hehman, Eugene ...",Using Environmental Features to Maximize...
\babled,hehman-et-al-2020-using-environmental-features-to-maximize-prediction-of-regional-intergroup-bias.pdf,3,"Eric Hehman, Eugene ...",Using Environmental Features to Maximize...
\babled,hehman-et-al-2020-using-environmental-features-to-maximize-prediction-of-regional-intergroup-bias.pdf,5,"Eric Hehman, Eugene ...",Using Environmental Features to Maximize...
\babled,hehman-et-al-2020-using-environmental-features-to-maximize-prediction-of-regional-intergroup-bias.pdf,6,"Eric Hehman, Eugene ...",Using Environmental Features to Maximize...
\babled,hehman-et-al-2020-using-environmental-features-to-maximize-prediction-of-regional-intergroup-bias.pdf,7,"Eric Hehman, Eugene ...",Using Environmental Features to Maximize...
accessib,hennecke-converse-2017-next-week-next-month-next-year-how-perceived-temporal-boundaries-affect-initiation-expectations.pdf,2,Marie Hennecke and B...,"Next Week, Next Month, Next Year"
accessib,hennecke-converse-2017-next-week-next-month-next-year-how-perceived-temporal-boundaries-affect-initiation-expectations.pdf,4,Marie Hennecke and B...,"Next Week, Next Month, Next Year"
accessib,hennecke-converse-2017-next-week-next-month-next-year-how-perceived-temporal-boundaries-affect-initiation-expectations.pdf,5,Marie Hennecke and B...,"Next Week, Next Month, Next Year"
accessib,hennecke-converse-2017-next-week-next-month-next-year-how-perceived-temporal-boundaries-affect-initiation-expectations.pdf,6,Marie Hennecke and B...,"Next Week, Next Month, Next Year"
accessib,hennecke-converse-2017-next-week-next-month-next-year-how-perceived-temporal-boundaries-affect-initiation-expectations.pdf,7,Marie Hennecke and B...,"Next Week, Next Month, Next Year"
accessib,hennecke-converse-2017-next-week-next-month-next-year-how-perceived-temporal-boundaries-affect-initiation-expectations.pdf,8,Marie Hennecke and B...,"Next Week, Next Month, Next Year"
accessib,hoover-et-al-2020-moral-foundations-twitter-corpus-a-collection-of-35k-tweets-annotated-for-moral-sentiment.pdf,1,"Joe Hoover, Gwenyth ...",Moral Foundations Twitter Corpus: A Coll...
disab,hudson-et-al-2016-day-to-day-affect-is-surprisingly-stable-a-2-year-longitudinal-study-of-well-being.pdf,2,"Nathan W. Hudson, Ri...",Day-To-Day Affect is Surprisingly Stable
disab,hudson-et-al-2016-day-to-day-affect-is-surprisingly-stable-a-2-year-longitudinal-study-of-well-being.pdf,9,"Nathan W. Hudson, Ri...",Day-To-Day Affect is Surprisingly Stable
accessib,hudson-et-al-2016-day-to-day-affect-is-surprisingly-stable-a-2-year-longitudinal-study-of-well-being.pdf,9,"Nathan W. Hudson, Ri...",Day-To-Day Affect is Surprisingly Stable
Syndrome,huynh-grossmann-2020-rising-ethnic-diversity-in-the-united-states-accompanies-shifts-toward-an-individualistic-culture.pdf,10,Alex C. Huynh and Ig...,Rising Ethnic Diversity in the United St...
accessib,iankilevitch-et-al-2019-how-do-multiracial-and-monoracial-people-categorize-multiracial-faces.pdf,2,"Maria Iankilevitch, ...",How Do Multiracial and Monoracial People...
accessib,iankilevitch-et-al-2019-how-do-multiracial-and-monoracial-people-categorize-multiracial-faces.pdf,6,"Maria Iankilevitch, ...",How Do Multiracial and Monoracial People...
deficien,imhoff-et-al-2020-resolving-the-puzzle-of-conspiracy-worldview-and-political-activism-belief-in-secret-plots-decreases.pdf,4,"Roland Imhoff, Lea D...",Resolving the Puzzle of Conspiracy World...
deficien,imhoff-lamberty-2020-a-bioweapon-or-a-hoax-the-link-between-distinct-conspiracy-beliefs-about-the-coronavirus-disease.pdf,8,Roland Imhoff and Pi...,A Bioweapon or a Hoax? The Link Between ...
Syndrome,imhoff-lamberty-2020-a-bioweapon-or-a-hoax-the-link-between-distinct-conspiracy-beliefs-about-the-coronavirus-disease.pdf,8,Roland Imhoff and Pi...,A Bioweapon or a Hoax? The Link Between ...
accessib,jabold-2019-stereotype-formation-but-no-dissociation-contradicting-statistics-reduce-explicit-and-implicit-stereotypes.pdf,8,Philipp Jabold,Stereotype Formation but No Dissociation...
accessib,jachimowicz-et-al-2022-the-sharp-spikes-of-poverty-financial-scarcity-is-related-to-higher-levels-of-distress-intensity.pdf,10,"Jon M. Jachimowicz, ...",The Sharp Spikes of Poverty: Financial S...
accessib,jackson-et-al-2017-agent-based-modeling-a-guide-for-social-psychologists.pdf,2,Joshua Conrad Jackso...,Agent-Based Modeling
accessib,jackson-et-al-2017-agent-based-modeling-a-guide-for-social-psychologists.pdf,5,Joshua Conrad Jackso...,Agent-Based Modeling
Defect,jackson-et-al-2017-agent-based-modeling-a-guide-for-social-psychologists.pdf,3,Joshua Conrad Jackso...,Agent-Based Modeling
Defect,jackson-et-al-2017-agent-based-modeling-a-guide-for-social-psychologists.pdf,6,Joshua Conrad Jackso...,Agent-Based Modeling
Defect,jackson-et-al-2017-agent-based-modeling-a-guide-for-social-psychologists.pdf,7,Joshua Conrad Jackso...,Agent-Based Modeling
accessib,jackson-et-al-2017-strangers-in-a-stadium-studying-group-dynamics-with-in-vivo-behavioral-tracking.pdf,1,Joshua Conrad Jackso...,Strangers in a Stadium
Defect,jackson-et-al-2017-strangers-in-a-stadium-studying-group-dynamics-with-in-vivo-behavioral-tracking.pdf,7,Joshua Conrad Jackso...,Strangers in a Stadium
deficien,jackson-et-al-2017-strangers-in-a-stadium-studying-group-dynamics-with-in-vivo-behavioral-tracking.pdf,1,Joshua Conrad Jackso...,Strangers in a Stadium
deficien,jackson-et-al-2017-strangers-in-a-stadium-studying-group-dynamics-with-in-vivo-behavioral-tracking.pdf,8,Joshua Conrad Jackso...,Strangers in a Stadium
accessib,jackson-payne-2020-cognitive-barriers-to-reducing-income-inequality.pdf,2,Joshua Conrad Jackso...,Cognitive Barriers to Reducing Income In...
maim,jacobson-et-al-2020-guilt-enhances-the-persuasive-effects-of-injunctive-but-not-descriptive-social-norms.pdf,9,"Ryan P. Jacobson, Ka...",Guilt Enhances the Persuasive Effects of...
accessib,janke-et-al-2018-dark-pathways-to-achievement-in-science-researchers-achievement-goals-predict-engagement-in.pdf,6,"Stefan Janke, Martin...",Dark Pathways to Achievement in Science:...
Dysfunction,jayamaha-overall-2018-the-dyadic-nature-of-self-evaluations-self-esteem-and-efficacy-shape-and-are-shaped-by-support.pdf,13,Shanuki D. Jayamaha ...,The Dyadic Nature of Self-Evaluations: S...
Impairment,jayawickreme-et-al-2021-examining-associations-between-major-negative-life-events-changes-in-weekly-reports-of-post.pdf,10,"Eranda Jayawickreme,...",Examining Associations Between Major Neg...
disab,ji-et-al-2020-cultural-differences-in-the-construal-of-suffering-and-the-covid-19-pandemic.pdf,3,"Li-Jun Ji, Mark Khei...",Cultural Differences in the Construal of...
disab,ji-et-al-2020-cultural-differences-in-the-construal-of-suffering-and-the-covid-19-pandemic.pdf,6,"Li-Jun Ji, Mark Khei...",Cultural Differences in the Construal of...
Dysfunction,ji-et-al-2020-cultural-differences-in-the-construal-of-suffering-and-the-covid-19-pandemic.pdf,7,"Li-Jun Ji, Mark Khei...",Cultural Differences in the Construal of...
Syndrome,ji-et-al-2020-cultural-differences-in-the-construal-of-suffering-and-the-covid-19-pandemic.pdf,7,"Li-Jun Ji, Mark Khei...",Cultural Differences in the Construal of...
Syndrome,ji-et-al-2020-cultural-differences-in-the-construal-of-suffering-and-the-covid-19-pandemic.pdf,8,"Li-Jun Ji, Mark Khei...",Cultural Differences in the Construal of...
accessib,johnson-chopik-2018-geographic-variation-in-the-black-violence-stereotype.pdf,6,David J. Johnson and...,Geographic Variation in the Black-Violen...
Dysfunction,johnson-et-al-2017-advancing-research-on-cognitive-processes-in-social-and-personality-psychology-a-hierarchical-drift.pdf,9,"David J. Johnson, Ch...",Advancing Research on Cognitive Processe...
Dysfunction,jordan-et-al-2022-do-women-withhold-honest-sexual-communication-when-they-believe-their-partner-s-manhood-is-threatened.pdf,2,"Jessica A. Jordan, J...",Do Women Withhold Honest Sexual Communic...
disab,kende-et-al-2017-equality-revisited-a-cultural-meta-analysis-of-intergroup-contact-and-prejudice.pdf,4,"Judit Kende, Karen P...",Equality Revisited: A Cultural Meta-Anal...
accessib,kerry-murray-2019-politics-and-parental-care-experimental-and-mediational-tests-of-the-causal-link-between-parenting.pdf,2,Nicholas Kerry and D...,Politics and Parental Care: Experimental...
accessib,khatry-et-al-2020-socioeconomic-status-and-dehumanization-in-india-elaboration-of-the-stereotype-content-model-in-a-non.pdf,5,"Priyanka Khatry, Kun...",Socioeconomic Status and Dehumanization ...
Syndrome,kidd-castano-2018-reading-literary-fiction-and-theory-of-mind-three-preregistered-replications-and-extensions-of-kidd.pdf,9,David Kidd and Emanu...,Reading Literary Fiction and Theory of M...
accessib,kim-et-al-2017-existential-ennui-examining-the-reciprocal-relationship-between-self-alienation-and-academic-amotivation.pdf,7,"Jinhyung Kim, Andrew...",Existential Ennui
accessib,kim-et-al-2017-existential-ennui-examining-the-reciprocal-relationship-between-self-alienation-and-academic-amotivation.pdf,9,"Jinhyung Kim, Andrew...",Existential Ennui
Dysfunction,kim-et-al-2020-are-couples-more-satisfied-when-they-match-in-sexual-desire-new-insights-from-response-surface-analyses.pdf,9,"James J. Kim, Amy Mu...",Are Couples More Satisfied When They Mat...
Dysfunction,kim-et-al-2021-the-role-of-coping-strategies-in-maintaining-well-being-during-the-covid-19-outbreak-in-south-korea.pdf,2,"Joo Hyun Kim, Yerin ...",The Role of Coping Strategies in Maintai...
Syndrome,kim-et-al-2021-the-role-of-coping-strategies-in-maintaining-well-being-during-the-covid-19-outbreak-in-south-korea.pdf,1,"Joo Hyun Kim, Yerin ...",The Role of Coping Strategies in Maintai...
Syndrome,kim-et-al-2021-the-role-of-coping-strategies-in-maintaining-well-being-during-the-covid-19-outbreak-in-south-korea.pdf,12,"Joo Hyun Kim, Yerin ...",The Role of Coping Strategies in Maintai...
Syndrome,kim-et-al-2021-the-role-of-coping-strategies-in-maintaining-well-being-during-the-covid-19-outbreak-in-south-korea.pdf,13,"Joo Hyun Kim, Yerin ...",The Role of Coping Strategies in Maintai...
maim,kirby-et-al-2020-combating-bisexual-erasure-the-correspondence-of-implicit-and-explicit-sexual-identity.pdf,1,"Teri A. Kirby, Sally...",Combating Bisexual Erasure: The Correspo...
maim,kirby-et-al-2020-combating-bisexual-erasure-the-correspondence-of-implicit-and-explicit-sexual-identity.pdf,2,"Teri A. Kirby, Sally...",Combating Bisexual Erasure: The Correspo...
maim,kirby-et-al-2020-combating-bisexual-erasure-the-correspondence-of-implicit-and-explicit-sexual-identity.pdf,9,"Teri A. Kirby, Sally...",Combating Bisexual Erasure: The Correspo...
disab,klebl-et-al-2020-ugliness-judgments-alert-us-to-cues-of-pathogen-presence.pdf,10,"Christoph Klebl, Kat...",Ugliness Judgments Alert us to Cues of P...
disab,klebl-et-al-2020-ugliness-judgments-alert-us-to-cues-of-pathogen-presence.pdf,11,"Christoph Klebl, Kat...",Ugliness Judgments Alert us to Cues of P...
disfigur,klebl-et-al-2020-ugliness-judgments-alert-us-to-cues-of-pathogen-presence.pdf,1,"Christoph Klebl, Kat...",Ugliness Judgments Alert us to Cues of P...
disfigur,klebl-et-al-2020-ugliness-judgments-alert-us-to-cues-of-pathogen-presence.pdf,2,"Christoph Klebl, Kat...",Ugliness Judgments Alert us to Cues of P...
disfigur,klebl-et-al-2020-ugliness-judgments-alert-us-to-cues-of-pathogen-presence.pdf,9,"Christoph Klebl, Kat...",Ugliness Judgments Alert us to Cues of P...
disfigur,klebl-et-al-2020-ugliness-judgments-alert-us-to-cues-of-pathogen-presence.pdf,10,"Christoph Klebl, Kat...",Ugliness Judgments Alert us to Cues of P...
Deform,klebl-et-al-2020-ugliness-judgments-alert-us-to-cues-of-pathogen-presence.pdf,2,"Christoph Klebl, Kat...",Ugliness Judgments Alert us to Cues of P...
Deform,klebl-et-al-2020-ugliness-judgments-alert-us-to-cues-of-pathogen-presence.pdf,10,"Christoph Klebl, Kat...",Ugliness Judgments Alert us to Cues of P...
disab,klein-2020-heroes-perceive-their-own-actions-as-less-heroic-than-other-people-do.pdf,1,Nadav Klein,Heroes Perceive Their Own Actions as Les...
Handicap,korner-et-al-2019-dissecting-dispositionality-distance-increases-stability-of-attribution.pdf,2,"Anita Körner, Sophie...",Dissecting Dispositionality: Distance In...
person-first,krems-neuberg-2021-updating-long-held-assumptions-about-fat-stigma-for-women-body-shape-plays-a-critical-role.pdf,9,Jaimie Arona Krems a...,Updating Long-Held Assumptions About Fat...
person-first,krems-neuberg-2021-updating-long-held-assumptions-about-fat-stigma-for-women-body-shape-plays-a-critical-role.pdf,10,Jaimie Arona Krems a...,Updating Long-Held Assumptions About Fat...
Chronic illness,kroencke-et-al-2020-how-does-substance-use-affect-personality-development-disentangling-between-and-within-person.pdf,11,"Lara Kroencke, Nicla...",How Does Substance Use Affect Personalit...
\blame,kuang-et-al-2020-social-class-and-children-s-prosociality-a-study-in-the-context-of-china-s-dual-urban-rural-structure.pdf,6,"Yi Kuang, Fei Wang, ...",Social Class and Childrens Prosociality...
accessib,kushlev-et-al-2021-subjective-well-being-and-prosociality-around-the-globe-happy-people-give-more-of-their-time-and.pdf,12,"Kostadin Kushlev, Ni...",Subjective Well-Being and Prosociality A...
accessib,ledgerwood-et-al-2018-a-brief-distance-based-intervention-can-increase-intentions-to-follow-evidence-based-guidelines.pdf,1,"Alison Ledgerwood, C...","A Brief, Distance-Based Intervention Can..."
accessib,ledgerwood-et-al-2018-a-brief-distance-based-intervention-can-increase-intentions-to-follow-evidence-based-guidelines.pdf,6,"Alison Ledgerwood, C...","A Brief, Distance-Based Intervention Can..."
Handicap,lee-et-al-2016-understanding-when-parental-praise-leads-to-optimal-child-outcomes-role-of-perceived-praise-accuracy.pdf,2,"Hae In Lee, Young-Ho...",Understanding When Parental Praise Leads...
accessib,li-et-al-2018-efficiency-for-lives-equality-for-everything-else-how-allocation-preference-shifts-across-domains.pdf,4,"Meng Li, Helen A. Co...","Efficiency for Lives, Equality for Every..."
Defect,li-et-al-2018-efficiency-for-lives-equality-for-everything-else-how-allocation-preference-shifts-across-domains.pdf,5,"Meng Li, Helen A. Co...","Efficiency for Lives, Equality for Every..."
disab,lindegaard-et-al-2021-does-danger-level-affect-bystander-intervention-in-real-life-conflicts-evidence-from-cctv-footage.pdf,8,Marie Rosenkrantz Li...,Does Danger Level Affect Bystander Inter...
incapac,lindegaard-et-al-2021-does-danger-level-affect-bystander-intervention-in-real-life-conflicts-evidence-from-cctv-footage.pdf,8,Marie Rosenkrantz Li...,Does Danger Level Affect Bystander Inter...
disab,littman-et-al-2019-community-violence-and-prosociality-experiencing-and-committing-violence-predicts-norm-enforcing.pdf,3,"Rebecca Littman, Suz...",Community Violence and Prosociality: Exp...
disab,littman-et-al-2019-community-violence-and-prosociality-experiencing-and-committing-violence-predicts-norm-enforcing.pdf,4,"Rebecca Littman, Suz...",Community Violence and Prosociality: Exp...
Defect,littman-et-al-2019-community-violence-and-prosociality-experiencing-and-committing-violence-predicts-norm-enforcing.pdf,3,"Rebecca Littman, Suz...",Community Violence and Prosociality: Exp...
accessib,lloyd-et-al-2021-race-deficits-in-pain-detection-medical-providers-and-laypeople-fail-to-accurately-perceive-pain.pdf,2,"E. Paige Lloyd, Audr...",Race Deficits in Pain Detection: Medical...
deficien,lloyd-et-al-2021-race-deficits-in-pain-detection-medical-providers-and-laypeople-fail-to-accurately-perceive-pain.pdf,11,"E. Paige Lloyd, Audr...",Race Deficits in Pain Detection: Medical...
accessib,lobato-et-al-2019-religiosity-predicts-evidentiary-standards.pdf,6,"Emilio J. C. Lobato,...",Religiosity Predicts Evidentiary Standar...
disab,logel-et-al-2020-a-social-belonging-intervention-benefits-higher-weight-students-weight-stability-and-academic.pdf,7,"Christine Logel, Joe...",A Social-Belonging Intervention Benefits...
accessib,lorimer-et-al-2021-from-brexit-to-biden-what-responses-to-national-outcomes-tell-us-about-the-nature-of-relief.pdf,3,"Sara Lorimer, Teresa...",From Brexit to Biden: What Responses to ...
Defect,lozano-2017-the-situational-strength-hypothesis-and-the-measurement-of-personality.pdf,2,José H. Lozano,The Situational Strength Hypothesis and ...
Defect,lozano-2017-the-situational-strength-hypothesis-and-the-measurement-of-personality.pdf,3,José H. Lozano,The Situational Strength Hypothesis and ...
Defect,lozano-2017-the-situational-strength-hypothesis-and-the-measurement-of-personality.pdf,4,José H. Lozano,The Situational Strength Hypothesis and ...
Defect,lozano-2017-the-situational-strength-hypothesis-and-the-measurement-of-personality.pdf,7,José H. Lozano,The Situational Strength Hypothesis and ...
disab,lucas-j-chopik-2020-testing-the-buffering-effect-of-social-relationships-in-a-prospective-study-of-disability-onset.pdf,1,Richard E. Lucas and...,Testing the Buffering Effect of Social R...
disab,lucas-j-chopik-2020-testing-the-buffering-effect-of-social-relationships-in-a-prospective-study-of-disability-onset.pdf,2,Richard E. Lucas and...,Testing the Buffering Effect of Social R...
disab,lucas-j-chopik-2020-testing-the-buffering-effect-of-social-relationships-in-a-prospective-study-of-disability-onset.pdf,3,Richard E. Lucas and...,Testing the Buffering Effect of Social R...
disab,lucas-j-chopik-2020-testing-the-buffering-effect-of-social-relationships-in-a-prospective-study-of-disability-onset.pdf,4,Richard E. Lucas and...,Testing the Buffering Effect of Social R...
disab,lucas-j-chopik-2020-testing-the-buffering-effect-of-social-relationships-in-a-prospective-study-of-disability-onset.pdf,5,Richard E. Lucas and...,Testing the Buffering Effect of Social R...
disab,lucas-j-chopik-2020-testing-the-buffering-effect-of-social-relationships-in-a-prospective-study-of-disability-onset.pdf,6,Richard E. Lucas and...,Testing the Buffering Effect of Social R...
disab,lucas-j-chopik-2020-testing-the-buffering-effect-of-social-relationships-in-a-prospective-study-of-disability-onset.pdf,7,Richard E. Lucas and...,Testing the Buffering Effect of Social R...
disab,lucas-j-chopik-2020-testing-the-buffering-effect-of-social-relationships-in-a-prospective-study-of-disability-onset.pdf,8,Richard E. Lucas and...,Testing the Buffering Effect of Social R...
disab,lucas-j-chopik-2020-testing-the-buffering-effect-of-social-relationships-in-a-prospective-study-of-disability-onset.pdf,9,Richard E. Lucas and...,Testing the Buffering Effect of Social R...
Impairment,lucas-j-chopik-2020-testing-the-buffering-effect-of-social-relationships-in-a-prospective-study-of-disability-onset.pdf,2,Richard E. Lucas and...,Testing the Buffering Effect of Social R...
Impairment,lucas-j-chopik-2020-testing-the-buffering-effect-of-social-relationships-in-a-prospective-study-of-disability-onset.pdf,3,Richard E. Lucas and...,Testing the Buffering Effect of Social R...
Impairment,lucas-j-chopik-2020-testing-the-buffering-effect-of-social-relationships-in-a-prospective-study-of-disability-onset.pdf,8,Richard E. Lucas and...,Testing the Buffering Effect of Social R...
functional limitation,lucas-j-chopik-2020-testing-the-buffering-effect-of-social-relationships-in-a-prospective-study-of-disability-onset.pdf,8,Richard E. Lucas and...,Testing the Buffering Effect of Social R...
Syndrome,lukaszewski-et-al-2017-what-explains-personality-covariation-a-test-of-the-socioecological-complexity-hypothesis.pdf,1,Aaron W. Lukaszewski...,What Explains Personality Covariation? A...
Syndrome,lukaszewski-et-al-2017-what-explains-personality-covariation-a-test-of-the-socioecological-complexity-hypothesis.pdf,9,Aaron W. Lukaszewski...,What Explains Personality Covariation? A...
Syndrome,lukaszewski-et-al-2019-toward-integration-of-the-niche-diversity-hypothesis-with-other-explanations-for-personality.pdf,1,"Aaron Lukaszewski, M...",Toward Integration of the Niche Diversit...
Syndrome,lukaszewski-et-al-2019-toward-integration-of-the-niche-diversity-hypothesis-with-other-explanations-for-personality.pdf,2,"Aaron Lukaszewski, M...",Toward Integration of the Niche Diversit...
Syndrome,lukaszewski-et-al-2019-toward-integration-of-the-niche-diversity-hypothesis-with-other-explanations-for-personality.pdf,3,"Aaron Lukaszewski, M...",Toward Integration of the Niche Diversit...
accessib,luo-et-al-2019-on-the-etiology-of-self-enhancement-and-its-association-with-psychological-well-being.pdf,2,"Yu L. L. Luo, Consta...",On the Etiology of Self-Enhancement and ...
accessib,macinnis-et-al-2016-multilevel-intergroup-contact-and-antigay-prejudice-explicit-and-implicit-evidence-of-contextual.pdf,2,"Cara C. MacInnis, El...",Multilevel Intergroup Contact and Antiga...
accessib,macinnis-et-al-2016-multilevel-intergroup-contact-and-antigay-prejudice-explicit-and-implicit-evidence-of-contextual.pdf,4,"Cara C. MacInnis, El...",Multilevel Intergroup Contact and Antiga...
accessib,maher-et-al-2018-brexit-trump-and-the-polarizing-effect-of-disillusionment.pdf,4,"Paul J. Maher, Eric ...","Brexit, Trump, and the Polarizing Effect..."
cripple,mao-et-al-2018-how-gender-identity-and-transgender-status-affect-perceptions-of-attractiveness.pdf,4,"Jessica M. Mao, M. L...",How Gender Identity and Transgender Stat...
accessib,mclean-et-al-2017-explaining-system-missing-missing-data-and-experience-sampling-method.pdf,5,"Derrick C. McLean, J...",Explaining System Missing
accessib,mcphetres-et-al-2020-religious-americans-have-less-positive-attitudes-toward-science-but-this-does-not-extend-to-other.pdf,7,"Jonathon McPhetres, ...",Religious Americans Have Less Positive A...
accessib,mcphetres-zuckerman-2017-religious-people-endorse-different-standards-of-evidence-when-evaluating-religious-versus.pdf,6,Jonathon McPhetres a...,Religious People Endorse Different Stand...
Ailment,mcphetres-zuckerman-2017-religious-people-endorse-different-standards-of-evidence-when-evaluating-religious-versus.pdf,6,Jonathon McPhetres a...,Religious People Endorse Different Stand...
Syndrome,mededovic-2019-an-evolutionary-ecological-framework-for-understanding-human-behavioral-syndromes-commentary-on.pdf,1,Janko Međedović,An Evolutionary Ecological Framework for...
Syndrome,mededovic-2019-an-evolutionary-ecological-framework-for-understanding-human-behavioral-syndromes-commentary-on.pdf,2,Janko Međedović,An Evolutionary Ecological Framework for...
Syndrome,mededovic-2019-an-evolutionary-ecological-framework-for-understanding-human-behavioral-syndromes-commentary-on.pdf,3,Janko Međedović,An Evolutionary Ecological Framework for...
Syndrome,mededovic-2019-an-evolutionary-ecological-framework-for-understanding-human-behavioral-syndromes-commentary-on.pdf,4,Janko Međedović,An Evolutionary Ecological Framework for...
Syndrome,meeusen-et-al-2017-comparing-a-variable-centered-and-a-person-centered-approach-to-the-structure-of-prejudice.pdf,11,"Cecil Meeusen, Bart ...",Comparing a Variable-Centered and a Pers...
accessib,melnikoff-et-al-2020-tracking-prejudice-a-mouse-tracking-measure-of-evaluative-conflict-predicts-discriminatory-behavior.pdf,1,"David E. Melnikoff, ...",Tracking Prejudice: A Mouse-Tracking Mea...
accessib,melnikoff-et-al-2020-tracking-prejudice-a-mouse-tracking-measure-of-evaluative-conflict-predicts-discriminatory-behavior.pdf,2,"David E. Melnikoff, ...",Tracking Prejudice: A Mouse-Tracking Mea...
disab,monroe-et-al-2016-this-isn-t-the-free-will-worth-looking-for-general-free-will-beliefs-do-not-influence-moral-judgments.pdf,2,"Andrew E. Monroe, Ga...",This Isnt the Free Will Worth Looking F...
incapac,monroe-et-al-2016-this-isn-t-the-free-will-worth-looking-for-general-free-will-beliefs-do-not-influence-moral-judgments.pdf,7,"Andrew E. Monroe, Ga...",This Isnt the Free Will Worth Looking F...
Impairment,monroe-et-al-2016-this-isn-t-the-free-will-worth-looking-for-general-free-will-beliefs-do-not-influence-moral-judgments.pdf,7,"Andrew E. Monroe, Ga...",This Isnt the Free Will Worth Looking F...
disab,moody-et-al-2017-emotional-mimicry-beyond-the-face-rapid-face-and-body-responses-to-facial-expressions.pdf,9,"Eric J. Moody, Cathe...",Emotional Mimicry Beyond the Face?
accessib,mortensen-et-al-2017-trending-norms-a-lever-for-encouraging-behaviors-performed-by-the-minority.pdf,2,"Chad R. Mortensen, R...",Trending Norms: A Lever for Encouraging ...
disab,moser-branscombe-2021-male-allies-at-work-gender-equality-supportive-men-reduce-negative-underrepresentation-effects.pdf,9,Charlotte E. Moser a...,Male Allies at Work: Gender-Equality Sup...
accessib,murphy-2017-a-hands-on-guide-to-conducting-psychological-research-on-twitter.pdf,1,Sean C. Murphy,A Hands-On Guide to Conducting Psycholog...
accessib,murphy-2017-a-hands-on-guide-to-conducting-psychological-research-on-twitter.pdf,2,Sean C. Murphy,A Hands-On Guide to Conducting Psycholog...
accessib,murray-et-al-2021-looking-for-safety-in-all-the-right-places-when-threatening-political-reality-strengthens-family.pdf,3,"Sandra L. Murray, Ma...",Looking for Safety in All the Right Plac...
accessib,murray-et-al-2021-looking-for-safety-in-all-the-right-places-when-threatening-political-reality-strengthens-family.pdf,6,"Sandra L. Murray, Ma...",Looking for Safety in All the Right Plac...
\bailing,murray-et-al-2021-looking-for-safety-in-all-the-right-places-when-threatening-political-reality-strengthens-family.pdf,6,"Sandra L. Murray, Ma...",Looking for Safety in All the Right Plac...
Chronic illness,naqvi-helgeson-2021-harmonious-relations-relational-interdependence-moderates-affective-reactivity-to-interpersonal.pdf,7,Jeanean B. Naqvi and...,Harmonious Relations: Relational Interde...
accessib,nelson-et-al-2019-does-meaning-motivate-magical-thinking-among-theists-and-atheists.pdf,3,"Taylor A. Nelson, An...",Does Meaning Motivate Magical Thinking A...
accessib,newman-et-al-2018-conservatives-report-greater-meaning-in-life-than-liberals.pdf,10,"David B. Newman, Nor...",Conservatives Report Greater Meaning in ...
Defect,newman-sargent-2020-liberals-report-lower-levels-of-attitudinal-ambivalence-than-conservatives.pdf,6,Leonard S. Newman an...,Liberals Report Lower Levels of Attitudi...
deficien,newman-sargent-2020-liberals-report-lower-levels-of-attitudinal-ambivalence-than-conservatives.pdf,4,Leonard S. Newman an...,Liberals Report Lower Levels of Attitudi...
functional limitation,nickel-et-al-2016-compensatory-conscientiousness-redux-a-direct-replication-of-roberts-smith-jackson-and-edmonds-2009.pdf,1,"Lauren B. Nickel, Ja...",Compensatory Conscientiousness Redux
functional limitation,nickel-et-al-2016-compensatory-conscientiousness-redux-a-direct-replication-of-roberts-smith-jackson-and-edmonds-2009.pdf,3,"Lauren B. Nickel, Ja...",Compensatory Conscientiousness Redux
functional limitation,nickel-et-al-2016-compensatory-conscientiousness-redux-a-direct-replication-of-roberts-smith-jackson-and-edmonds-2009.pdf,4,"Lauren B. Nickel, Ja...",Compensatory Conscientiousness Redux
functional limitation,nickel-et-al-2016-compensatory-conscientiousness-redux-a-direct-replication-of-roberts-smith-jackson-and-edmonds-2009.pdf,5,"Lauren B. Nickel, Ja...",Compensatory Conscientiousness Redux
of daily living,nickel-et-al-2016-compensatory-conscientiousness-redux-a-direct-replication-of-roberts-smith-jackson-and-edmonds-2009.pdf,2,"Lauren B. Nickel, Ja...",Compensatory Conscientiousness Redux
disab,nicolas-et-al-2018-other-than-the-sum-hispanic-and-middle-eastern-categorizations-of-black-white-mixed-race-faces.pdf,10,"Gandalf Nicolas, All...",Other Than the Sum: Hispanic and Middle ...
accessib,nicolas-et-al-2018-other-than-the-sum-hispanic-and-middle-eastern-categorizations-of-black-white-mixed-race-faces.pdf,2,"Gandalf Nicolas, All...",Other Than the Sum: Hispanic and Middle ...
accessib,nicolas-et-al-2018-other-than-the-sum-hispanic-and-middle-eastern-categorizations-of-black-white-mixed-race-faces.pdf,9,"Gandalf Nicolas, All...",Other Than the Sum: Hispanic and Middle ...
brain dama,nordgren-mcdonnell-2010-the-scope-severity-paradox-why-doing-more-harm-is-judged-to-be-less-harmful.pdf,5,Loran F. Nordgren an...,The Scope-Severity Paradox
disab,norman-et-al-2021-to-pursue-or-not-to-pursue-stem-faculty-behavior-enhances-student-involvement-in-stem-roles-by.pdf,11,"Jasmine B. Norman, M...",To Pursue or Not to Pursue STEM? Faculty...
Dysfunction,nuzulia-why-2020-when-the-dark-shines-the-role-of-dark-personality-traits-in-leadership-role-occupancy-and-hiring.pdf,11,Siti Nuzulia and Fel...,When the Dark Shines: The Role of Dark P...
accessib,o-brien-et-al-2016-improving-girls-sense-of-fit-in-science-increasing-the-impact-of-role-models.pdf,3,"Laurie T. OBrien, A...",Improving Girls Sense of Fit in Science
disab,o-shea-et-al-2019-infectious-disease-prevalence-not-race-exposure-predicts-both-implicit-and-explicit-racial-prejudice.pdf,10,"Brian A. OShea, Der...","Infectious Disease Prevalence, Not Race ..."
Dysfunction,olsavsky-et-al-2020-self-reported-adult-attachment-and-observed-parenting-behavior-of-new-mothers-and-fathers.pdf,14,"Anna L. Olsavsky, Mi...",Self-Reported Adult Attachment and Obser...
accessib,park-et-al-2018-distinguishing-dismissing-from-fearful-attachment-in-the-association-between-closeness-and-commitment.pdf,9,"Yoobin Park, Anik De...",Distinguishing Dismissing From Fearful A...
Chronic illness,pasek-cook-2017-religion-from-the-target-s-perspective-a-portrait-of-religious-threat-and-its-consequences-in-the.pdf,4,Michael H. Pasek and...,Religion From the Targets Perspective: ...
Dysfunction,pietromonaco-et-al-2021-depressive-symptoms-external-stress-and-marital-adjustment-the-buffering-effect-of-partner-s.pdf,12,Paula R. Pietromonac...,"Depressive Symptoms, External Stress, an..."
Chronic illness,pietromonaco-et-al-2021-depressive-symptoms-external-stress-and-marital-adjustment-the-buffering-effect-of-partner-s.pdf,12,Paula R. Pietromonac...,"Depressive Symptoms, External Stress, an..."
Handicap,puryear-vandello-2018-inflammatory-comments-elicit-less-outrage-when-made-in-anonymous-online-contexts.pdf,2,Curtis Puryear and J...,Inflammatory Comments Elicit Less Outrag...
deficien,puryear-vandello-2018-inflammatory-comments-elicit-less-outrage-when-made-in-anonymous-online-contexts.pdf,1,Curtis Puryear and J...,Inflammatory Comments Elicit Less Outrag...
\blame,ramos-et-al-2021-the-role-of-short-term-and-longer-term-immigration-trends-on-voting-for-populist-radical-right-parties.pdf,11,"Miguel R. Ramos, San...",The Role of Short-Term and Longer Term I...
accessib,ramos-moriconi-2017-corruption-in-latin-america-stereotypes-of-politicians-and-their-implications-for-affect-and.pdf,3,Miguel R. Ramos and ...,Corruption in Latin America
accessib,randles-et-al-2017-experienced-adversity-in-life-is-associated-with-polarized-and-affirmed-political-attitudes.pdf,6,"Daniel Randles, Stev...",Experienced Adversity in Life Is Associa...
accessib,rauthmann-et-al-2018-do-self-reported-traits-and-aggregated-states-capture-the-same-thing-a-nomological-perspective-on.pdf,6,"John F. Rauthmann, K...",Do Self-Reported Traits and Aggregated S...
accessib,razavi-et-al-2019-benefits-associated-with-experiential-and-material-purchases-may-depend-on-culture.pdf,3,"Pooya Razavi, Hadi S...",Benefits Associated With Experiential an...
disab,refaie-mishra-2020-embodied-capital-and-risk-related-traits-attitudes-behaviors-and-outcomes-an-exploratory-examination.pdf,15,Nabhan Refaie and Sa...,Embodied Capital and Risk-Related Traits...
Impairment,refaie-mishra-2020-embodied-capital-and-risk-related-traits-attitudes-behaviors-and-outcomes-an-exploratory-examination.pdf,14,Nabhan Refaie and Sa...,Embodied Capital and Risk-Related Traits...
Handicap,refaie-mishra-2020-embodied-capital-and-risk-related-traits-attitudes-behaviors-and-outcomes-an-exploratory-examination.pdf,14,Nabhan Refaie and Sa...,Embodied Capital and Risk-Related Traits...
Handicap,refaie-mishra-2020-embodied-capital-and-risk-related-traits-attitudes-behaviors-and-outcomes-an-exploratory-examination.pdf,16,Nabhan Refaie and Sa...,Embodied Capital and Risk-Related Traits...
Chronic illness,rheinschmidt-same-et-al-2016-ethnically-based-theme-house-residency-and-expected-discrimination-predict-downstream.pdf,5,Michelle Rheinschmid...,Ethnically-Based Theme House Residency a...
Chronic illness,robbins-2017-practical-suggestions-for-legal-and-ethical-concerns-with-social-environment-sampling-methods.pdf,3,Megan L. Robbins,Practical Suggestions for Legal and Ethi...
accessib,rosenfeld-et-al-2019-mostly-vegetarian-but-flexible-about-it-investigating-how-meat-reducers-express-social-identity.pdf,2,"Daniel L. Rosenfeld,...","Mostly Vegetarian, But Flexible About It..."
\blame,ross-et-al-2020-racial-disparities-in-police-use-of-deadly-force-against-unarmed-individuals-persist-after.pdf,6,"Cody T. Ross, Bruce ...",Racial Disparities in Police Use of Dead...
Dysfunction,roth-et-al-2017-income-inequality-life-satisfaction-and-economic-worries.pdf,9,"Bettina Roth, Elisab...","Income Inequality, Life Satisfaction, an..."
disab,roussos-dovidio-2018-hate-speech-is-in-the-eye-of-the-beholder-the-influence-of-racial-attitudes-and-freedom-of-speech.pdf,1,Gina Roussos and Joh...,Hate Speech Is in the Eye of the Beholde...
accessib,saab-et-al-2020-the-status-of-arabic-social-psychology-a-review-of-21st-century-research-articles.pdf,3,"Rim Saab, Arin H. Ay...",The Status of Arabic Social Psychology: ...
accessib,saab-et-al-2020-the-status-of-arabic-social-psychology-a-review-of-21st-century-research-articles.pdf,5,"Rim Saab, Arin H. Ay...",The Status of Arabic Social Psychology: ...
accessib,saab-et-al-2020-the-status-of-arabic-social-psychology-a-review-of-21st-century-research-articles.pdf,6,"Rim Saab, Arin H. Ay...",The Status of Arabic Social Psychology: ...
accessib,saab-et-al-2020-the-status-of-arabic-social-psychology-a-review-of-21st-century-research-articles.pdf,8,"Rim Saab, Arin H. Ay...",The Status of Arabic Social Psychology: ...
accessib,saab-et-al-2020-the-status-of-arabic-social-psychology-a-review-of-21st-century-research-articles.pdf,9,"Rim Saab, Arin H. Ay...",The Status of Arabic Social Psychology: ...
accessib,saab-et-al-2020-the-status-of-arabic-social-psychology-a-review-of-21st-century-research-articles.pdf,10,"Rim Saab, Arin H. Ay...",The Status of Arabic Social Psychology: ...
Dysfunction,santos-grossmann-2020-cross-temporal-exploration-of-the-relationship-between-wisdom-related-cognitive-broadening-and.pdf,9,Henri C. Santos and ...,Cross-Temporal Exploration of the Relati...
accessib,sawaoka-monin-2019-outraged-but-sympathetic-ambivalent-emotions-limit-the-influence-of-viral-outrage.pdf,3,Takuya Sawaoka and B...,Outraged but Sympathetic: Ambivalent Emo...
Syndrome,schmalor-heine-2021-subjective-economic-inequality-decreases-emotional-intelligence-especially-for-people-of-high.pdf,9,Anita Schmalor and S...,Subjective Economic Inequality Decreases...
disab,schofield-butterworth-2017-are-negative-community-attitudes-toward-welfare-recipients-associated-with-unemployment.pdf,13,Timothy P. Schofield...,Are Negative Community Attitudes Toward ...
Dysfunction,selcuk-et-al-2016-perceived-partner-responsiveness-predicts-better-sleep-quality-through-lower-anxiety.pdf,1,"Emre Selcuk, Sarah C...",Perceived Partner Responsiveness Predict...
Dysfunction,selcuk-et-al-2016-perceived-partner-responsiveness-predicts-better-sleep-quality-through-lower-anxiety.pdf,4,"Emre Selcuk, Sarah C...",Perceived Partner Responsiveness Predict...
Dysfunction,sidari-et-al-2020-preferences-for-sexually-dimorphic-body-characteristics-revealed-in-a-large-sample-of-speed-daters.pdf,9,"Morgan J. Sidari, An...",Preferences for Sexually Dimorphic Body ...
Dysfunction,sidari-et-al-2020-preferences-for-sexually-dimorphic-body-characteristics-revealed-in-a-large-sample-of-speed-daters.pdf,10,"Morgan J. Sidari, An...",Preferences for Sexually Dimorphic Body ...
Dysfunction,sidari-et-al-2020-preferences-for-sexually-dimorphic-body-characteristics-revealed-in-a-large-sample-of-speed-daters.pdf,12,"Morgan J. Sidari, An...",Preferences for Sexually Dimorphic Body ...
Syndrome,sidari-et-al-2020-preferences-for-sexually-dimorphic-body-characteristics-revealed-in-a-large-sample-of-speed-daters.pdf,12,"Morgan J. Sidari, An...",Preferences for Sexually Dimorphic Body ...
Syndrome,siritzky-et-al-2021-the-role-of-personality-in-shaping-pandemic-response-systemic-sociopolitical-factors-drive-country.pdf,17,"Meghan Siritzky, Dav...",The Role of Personality in Shaping Pande...
Impairment,sleegers-et-al-2020-pupillometry-and-hindsight-bias-physiological-arousal-predicts-compensatory-behavior.pdf,6,Willem W. A. Sleeger...,Pupillometry and Hindsight Bias: Physiol...
Syndrome,sleegers-et-al-2020-pupillometry-and-hindsight-bias-physiological-arousal-predicts-compensatory-behavior.pdf,1,Willem W. A. Sleeger...,Pupillometry and Hindsight Bias: Physiol...
Syndrome,sleegers-et-al-2020-pupillometry-and-hindsight-bias-physiological-arousal-predicts-compensatory-behavior.pdf,5,Willem W. A. Sleeger...,Pupillometry and Hindsight Bias: Physiol...
disab,slepian-jacoby-senghor-2020-identity-threats-in-everyday-life-distinguishing-belonging-from-inclusion.pdf,4,Michael L. Slepian a...,Identity Threats in Everyday Life: Disti...
accessib,slepian-moulton-tetlock-2018-confiding-secrets-and-well-being.pdf,10,Michael L. Slepian a...,Confiding Secrets and Well-Being
Handicap,smith-apicella-2019-hadza-hunter-gatherers-disagree-on-perceptions-of-moral-character.pdf,9,Kristopher M. Smith ...,Hadza Hunter-Gatherers Disagree on Perce...
disab,sortheix-et-al-2017-changes-in-young-europeans-values-during-the-global-financial-crisis.pdf,4,Florencia M. Sorthei...,Changes in Young Europeans Values Durin...
accessib,south-palomares-young-2017-facial-first-impressions-of-partner-preference-traits-trustworthiness-status-and.pdf,10,Jennifer K. South Pa...,Facial First Impressions of Partner Pref...
accessib,spielmann-et-al-2021-mental-health-contributors-among-transgender-people-in-a-non-weird-society-evidence-from-china.pdf,2,"Julia Spielmann, Siq...",Mental Health Contributors Among Transge...
accessib,spring-et-al-2018-intentional-and-unintentional-empathy-for-pain-among-physicians-and-nonphysicians.pdf,2,"Victoria L. Spring, ...",Intentional and Unintentional Empathy fo...
accessib,spring-et-al-2018-intentional-and-unintentional-empathy-for-pain-among-physicians-and-nonphysicians.pdf,4,"Victoria L. Spring, ...",Intentional and Unintentional Empathy fo...
accessib,spring-et-al-2018-intentional-and-unintentional-empathy-for-pain-among-physicians-and-nonphysicians.pdf,5,"Victoria L. Spring, ...",Intentional and Unintentional Empathy fo...
accessib,stagnaro-et-al-2017-profit-versus-prejudice-harnessing-self-interest-to-reduce-in-group-bias.pdf,8,"Michael N. Stagnaro,...",Profit Versus Prejudice
Defect,stagnaro-et-al-2017-profit-versus-prejudice-harnessing-self-interest-to-reduce-in-group-bias.pdf,8,"Michael N. Stagnaro,...",Profit Versus Prejudice
Defect,stagnaro-et-al-2017-profit-versus-prejudice-harnessing-self-interest-to-reduce-in-group-bias.pdf,9,"Michael N. Stagnaro,...",Profit Versus Prejudice
deficien,stanton-et-al-2017-mothers-attachment-is-linked-to-their-children-s-anti-inflammatory-gene-expression-via-maternal.pdf,3,"Sarah C. E. Stanton,...",Mothers Attachment is Linked to Their C...
deficien,stanton-et-al-2017-mothers-attachment-is-linked-to-their-children-s-anti-inflammatory-gene-expression-via-maternal.pdf,9,"Sarah C. E. Stanton,...",Mothers Attachment is Linked to Their C...
Syndrome,stanton-et-al-2017-mothers-attachment-is-linked-to-their-children-s-anti-inflammatory-gene-expression-via-maternal.pdf,9,"Sarah C. E. Stanton,...",Mothers Attachment is Linked to Their C...
deficien,stavrova-denissen-2020-does-using-social-media-jeopardize-well-being-the-importance-of-separating-within-from-between.pdf,9,Olga Stavrova and Ja...,Does Using Social Media Jeopardize Well-...
accessib,stein-swan-2018-deeply-confusing-conflating-difficulty-with-deep-revelation-on-personality-assessment.pdf,8,Randy Stein and Alex...,Deeply Confusing: Conflating Difficulty ...
disab,stephan-et-al-2017-personality-and-walking-speed-across-adulthood-prospective-evidence-from-five-samples.pdf,1,"Yannick Stephan, Ang...",Personality and Walking Speed Across Adu...
disab,stephan-et-al-2017-personality-and-walking-speed-across-adulthood-prospective-evidence-from-five-samples.pdf,7,"Yannick Stephan, Ang...",Personality and Walking Speed Across Adu...
Dysfunction,stephan-et-al-2017-personality-and-walking-speed-across-adulthood-prospective-evidence-from-five-samples.pdf,7,"Yannick Stephan, Ang...",Personality and Walking Speed Across Adu...
Dysfunction,stephan-et-al-2017-personality-and-walking-speed-across-adulthood-prospective-evidence-from-five-samples.pdf,8,"Yannick Stephan, Ang...",Personality and Walking Speed Across Adu...
Impairment,stephan-et-al-2017-personality-and-walking-speed-across-adulthood-prospective-evidence-from-five-samples.pdf,7,"Yannick Stephan, Ang...",Personality and Walking Speed Across Adu...
functional limitation,stephan-et-al-2017-personality-and-walking-speed-across-adulthood-prospective-evidence-from-five-samples.pdf,6,"Yannick Stephan, Ang...",Personality and Walking Speed Across Adu...
of daily living,stephan-et-al-2017-personality-and-walking-speed-across-adulthood-prospective-evidence-from-five-samples.pdf,6,"Yannick Stephan, Ang...",Personality and Walking Speed Across Adu...
of daily living,stephan-et-al-2017-personality-and-walking-speed-across-adulthood-prospective-evidence-from-five-samples.pdf,7,"Yannick Stephan, Ang...",Personality and Walking Speed Across Adu...
frail,stephan-et-al-2017-personality-and-walking-speed-across-adulthood-prospective-evidence-from-five-samples.pdf,5,"Yannick Stephan, Ang...",Personality and Walking Speed Across Adu...
frail,stephan-et-al-2017-personality-and-walking-speed-across-adulthood-prospective-evidence-from-five-samples.pdf,7,"Yannick Stephan, Ang...",Personality and Walking Speed Across Adu...
Syndrome,stephan-et-al-2017-personality-and-walking-speed-across-adulthood-prospective-evidence-from-five-samples.pdf,5,"Yannick Stephan, Ang...",Personality and Walking Speed Across Adu...
Syndrome,stephan-et-al-2020-physical-activity-and-sedentary-behavior-during-covid-19-trajectory-and-moderation-by-personality.pdf,1,"Yannick Stephan, Ant...",Physical Activity and Sedentary Behavior...
accessib,stieger-et-al-2021-a-tale-of-peaks-and-valleys-sinusoid-relationship-patterns-between-mountainousness-and-basic-human.pdf,3,"Stefan Stieger, Frie...",A Tale of Peaks and Valleys: Sinusoid Re...
disab,stroebe-et-al-2016-female-dominance-in-human-groups-effects-of-sex-ratio-and-conflict-level.pdf,9,"Katherine Stroebe, B...",Female Dominance in Human Groups
Syndrome,stroebe-et-al-2016-female-dominance-in-human-groups-effects-of-sex-ratio-and-conflict-level.pdf,10,"Katherine Stroebe, B...",Female Dominance in Human Groups
afflict,suhay-et-al-2016-lay-belief-in-biopolitics-and-political-prejudice.pdf,2,"Elizabeth Suhay, Mar...",Lay Belief in Biopolitics and Political ...
accessib,sunami-et-al-2018-does-the-prospect-of-fulfilling-belonging-affect-social-responses-to-rejection-a-conceptual.pdf,3,"Naoyuki Sunami, Mega...",Does the Prospect of Fulfilling Belongin...
Impairment,sutherland-et-al-2017-facial-image-manipulation-a-tool-for-investigating-social-perception.pdf,1,Clare A. M. Sutherla...,Facial Image Manipulation
Impairment,sutherland-et-al-2017-facial-image-manipulation-a-tool-for-investigating-social-perception.pdf,9,Clare A. M. Sutherla...,Facial Image Manipulation
Impairment,sutherland-et-al-2017-facial-image-manipulation-a-tool-for-investigating-social-perception.pdf,10,Clare A. M. Sutherla...,Facial Image Manipulation
Impairment,sutherland-et-al-2017-facial-image-manipulation-a-tool-for-investigating-social-perception.pdf,11,Clare A. M. Sutherla...,Facial Image Manipulation
Impairment,sutherland-et-al-2017-facial-image-manipulation-a-tool-for-investigating-social-perception.pdf,14,Clare A. M. Sutherla...,Facial Image Manipulation
accessib,sutherland-et-al-2017-facial-image-manipulation-a-tool-for-investigating-social-perception.pdf,2,Clare A. M. Sutherla...,Facial Image Manipulation
accessib,sweeney-freitas-2018-when-do-intended-performance-standards-predict-goal-related-affect-a-motivated-reasoning.pdf,9,Allison M. Sweeney a...,When Do Intended Performance Standards P...
accessib,talaifar-et-al-2020-a-new-pathway-to-university-retention-identity-fusion-with-university-predicts-retention.pdf,10,"Sanaz Talaifar, Ashw...",A New Pathway to University Retention? I...
accessib,thurmer-et-al-2018-motivated-collective-defensiveness-group-members-prioritize-counterarguing-out-group-criticism-over.pdf,10,"J. Lukas Thürmer, Se...",Motivated Collective Defensiveness: Grou...
Handicap,thurmer-et-al-2018-motivated-collective-defensiveness-group-members-prioritize-counterarguing-out-group-criticism-over.pdf,11,"J. Lukas Thürmer, Se...",Motivated Collective Defensiveness: Grou...
deficien,tidwell-et-al-2016-she-s-not-one-of-us-group-membership-moderates-the-effect-of-fertility-cues-on-attractiveness-ratings.pdf,2,"Natasha D. Tidwell, ...",Shes Not One of Us
disab,timmons-et-al-2017-new-frontiers-in-ambulatory-assessment-big-data-methods-for-capturing-couples-emotions-vocalizations.pdf,3,"Adela C. Timmons, Br...",New Frontiers in Ambulatory Assessment
accessib,trueblood-et-al-2021-the-role-of-risk-preferences-in-responses-to-messaging-about-covid-19-vaccine-take-up.pdf,8,Jennifer S. Truebloo...,The Role of Risk Preferences in Response...
disab,van-assche-et-al-2020-can-psychological-interventions-improve-intergroup-attitudes-post-terror-attacks.pdf,1,"Jasper Van Assche, M...",Can Psychological Interventions Improve ...
disab,van-assche-et-al-2020-can-psychological-interventions-improve-intergroup-attitudes-post-terror-attacks.pdf,9,"Jasper Van Assche, M...",Can Psychological Interventions Improve ...
\blame,van-assche-et-al-2020-religion-and-prejudice-across-cultures-a-test-of-the-threat-constraint-model.pdf,8,"Jasper Van Assche, J...",Religion and Prejudice Across Cultures: ...
accessib,van-de-vyver-abrams-2017-the-arts-as-a-catalyst-for-human-prosociality-and-cooperation.pdf,1,Julie Van de Vyver a...,The Arts as a Catalyst for Human Prosoci...
Defect,van-de-vyver-abrams-2017-the-arts-as-a-catalyst-for-human-prosociality-and-cooperation.pdf,1,Julie Van de Vyver a...,The Arts as a Catalyst for Human Prosoci...
accessib,van-dessel-et-al-2018-changing-deep-rooted-implicit-evaluation-in-the-blink-of-an-eye-negative-verbal-information.pdf,2,"Pieter Van Dessel, Y...",Changing Deep-Rooted Implicit Evaluation...
accessib,van-dessel-et-al-2018-changing-deep-rooted-implicit-evaluation-in-the-blink-of-an-eye-negative-verbal-information.pdf,6,"Pieter Van Dessel, Y...",Changing Deep-Rooted Implicit Evaluation...
accessib,van-dessel-et-al-2018-changing-deep-rooted-implicit-evaluation-in-the-blink-of-an-eye-negative-verbal-information.pdf,7,"Pieter Van Dessel, Y...",Changing Deep-Rooted Implicit Evaluation...
cripple,van-prooijen-et-al-2017-ideological-responses-to-the-eu-refugee-crisis-the-left-the-right-and-the-extremes.pdf,7,Jan-Willem van Prooi...,Ideological Responses to the EU Refugee ...
Malaise,van-prooijen-et-al-2017-ideological-responses-to-the-eu-refugee-crisis-the-left-the-right-and-the-extremes.pdf,7,Jan-Willem van Prooi...,Ideological Responses to the EU Refugee ...
cripple,van-prooijen-krouwel-2016-extreme-political-beliefs-predict-dogmatic-intolerance.pdf,8,Jan-Willem van Prooi...,Extreme Political Beliefs Predict Dogmat...
disab,van-prooijen-krouwel-2019-overclaiming-knowledge-predicts-anti-establishment-voting.pdf,6,Jan-Willem van Prooi...,Overclaiming Knowledge Predicts Anti-est...
cripple,van-prooijen-krouwel-2019-overclaiming-knowledge-predicts-anti-establishment-voting.pdf,8,Jan-Willem van Prooi...,Overclaiming Knowledge Predicts Anti-est...
accessib,vitriol-et-al-2018-racial-bias-increases-false-identification-of-black-suspects-in-simultaneous-lineups.pdf,2,"Joseph A. Vitriol, J...",Racial Bias Increases False Identificati...
accessib,vitriol-et-al-2018-racial-bias-increases-false-identification-of-black-suspects-in-simultaneous-lineups.pdf,13,"Joseph A. Vitriol, J...",Racial Bias Increases False Identificati...
accessib,vorauer-quesnel-2017-ideology-and-voice-salient-multiculturalism-enhances-ethnic-minority-group-members-persuasiveness.pdf,2,Jacquie D. Vorauer a...,Ideology and Voice
accessib,vorauer-quesnel-2017-ideology-and-voice-salient-multiculturalism-enhances-ethnic-minority-group-members-persuasiveness.pdf,7,Jacquie D. Vorauer a...,Ideology and Voice
disab,wallace-et-al-2018-does-religion-stave-off-the-grave-religious-affiliation-in-one-s-obituary-and-longevity.pdf,8,"Laura E. Wallace, Re...",Does Religion Stave Off the Grave? Relig...
Handicap,wang-et-al-2017-the-development-of-implicit-self-esteem-during-emerging-adulthood-a-longitudinal-analysis.pdf,9,"Yuqi Wang, Wei Wu, H...",The Development of Implicit Self-Esteem ...
accessib,wessel-et-al-2019-the-importance-of-role-based-and-collective-authenticity-on-well-being-and-withdrawal.pdf,10,"Jennifer L. Wessel, ...",The Importance of Role-Based and Collect...
accessib,west-et-al-2020-happiness-from-treating-the-weekend-like-a-vacation.pdf,9,"Colin West, Cassie M...",Happiness From Treating the Weekend Like...
accessib,wiedenroth-et-al-2020-there-is-no-primacy-effect-in-interpersonal-perception-a-series-of-preregistered-analyses-using.pdf,2,"Anne Wiedenroth, Nel...",There Is No Primacy Effect in Interperso...
Syndrome,willard-et-al-2019-cognitive-biases-and-religious-belief-a-path-model-replication-in-the-czech-republic-and-slovakia.pdf,9,"Aiyana K. Willard, L...",Cognitive Biases and Religious Belief: A...
Chronic illness,wofford-et-al-2017-the-vicarious-effects-of-discrimination-how-partner-experiences-of-discrimination-affect-individual.pdf,1,"Nyla Wofford, Andrew...",The Vicarious Effects of Discrimination:...
Chronic illness,wofford-et-al-2017-the-vicarious-effects-of-discrimination-how-partner-experiences-of-discrimination-affect-individual.pdf,3,"Nyla Wofford, Andrew...",The Vicarious Effects of Discrimination:...
Chronic illness,wofford-et-al-2017-the-vicarious-effects-of-discrimination-how-partner-experiences-of-discrimination-affect-individual.pdf,4,"Nyla Wofford, Andrew...",The Vicarious Effects of Discrimination:...
Chronic illness,wofford-et-al-2017-the-vicarious-effects-of-discrimination-how-partner-experiences-of-discrimination-affect-individual.pdf,5,"Nyla Wofford, Andrew...",The Vicarious Effects of Discrimination:...
Chronic illness,wofford-et-al-2017-the-vicarious-effects-of-discrimination-how-partner-experiences-of-discrimination-affect-individual.pdf,6,"Nyla Wofford, Andrew...",The Vicarious Effects of Discrimination:...
Chronic illness,wofford-et-al-2017-the-vicarious-effects-of-discrimination-how-partner-experiences-of-discrimination-affect-individual.pdf,7,"Nyla Wofford, Andrew...",The Vicarious Effects of Discrimination:...
Chronic illness,wofford-et-al-2017-the-vicarious-effects-of-discrimination-how-partner-experiences-of-discrimination-affect-individual.pdf,8,"Nyla Wofford, Andrew...",The Vicarious Effects of Discrimination:...
accessib,wolf-et-al-2021-the-salience-of-children-increases-adult-prosocial-values.pdf,3,"Lukas J. Wolf, Sapph...",The Salience of Children Increases Adult...
accessib,wolf-et-al-2021-the-salience-of-children-increases-adult-prosocial-values.pdf,7,"Lukas J. Wolf, Sapph...",The Salience of Children Increases Adult...
accessib,wolf-et-al-2021-the-salience-of-children-increases-adult-prosocial-values.pdf,9,"Lukas J. Wolf, Sapph...",The Salience of Children Increases Adult...
Syndrome,womick-et-al-2018-group-based-dominance-and-authoritarian-aggression-predict-support-for-donald-trump-in-the-2016-u-s.pdf,2,"Jake Womick, Tobias ...",Group-Based Dominance and Authoritarian ...
Dysfunction,xu-et-al-2022-three-dimensions-of-american-conservative-political-orientation-differentially-predict-negativity-bias.pdf,14,"Xiaowen Xu, Caitlin ...",Three Dimensions of American Conservativ...
Dysfunction,yu-et-al-2021-explaining-individual-differences-in-advantageous-inequity-aversion-by-social-affective-trait-dimensions.pdf,9,"Hongbo Yu, Chunlei L...",Explaining Individual Differences in Adv...
Impairment,zengel-et-al-2021-mnemic-neglect-for-behaviors-enacted-by-members-of-one-s-nationality-group.pdf,6,"Bettina Zengel, John...",Mnemic Neglect for Behaviors Enacted by ...
Impairment,zengel-et-al-2021-mnemic-neglect-for-behaviors-enacted-by-members-of-one-s-nationality-group.pdf,7,"Bettina Zengel, John...",Mnemic Neglect for Behaviors Enacted by ...
accessib,zengel-et-al-2021-mnemic-neglect-for-behaviors-enacted-by-members-of-one-s-nationality-group.pdf,2,"Bettina Zengel, John...",Mnemic Neglect for Behaviors Enacted by ...
Handicap,zengel-et-al-2021-mnemic-neglect-for-behaviors-enacted-by-members-of-one-s-nationality-group.pdf,2,"Bettina Zengel, John...",Mnemic Neglect for Behaviors Enacted by ...
Defect,zhao-et-al-2017-when-fair-is-not-equal-compassion-and-politeness-predict-allocations-of-wealth-under-different-norms-of.pdf,9,"Kun Zhao, Eamonn Fer...",When Fair Is Not Equal
Defect,zhao-et-al-2017-when-fair-is-not-equal-compassion-and-politeness-predict-allocations-of-wealth-under-different-norms-of.pdf,10,"Kun Zhao, Eamonn Fer...",When Fair Is Not Equal
