,Reason,X,DOI,Title,trimmed_title,CombinedCites,CombinedAuthors,Year,Source,Publisher,ArticleURL,CitesURL,GSRank,DOI_missing,CitationURL,ECC,CitesPerYear,CitesPerAuthor,AuthorCount,Age,Abstract,FullTextURL,RelatedURL
360,NEED,360,10.1177/1948550619869613,Religiosity predicts evidentiary standards,religiosity predicts evidentiary standards,4,"EJC Lobato, S Tabatabaeian…",2020,… Personality Science,journals.sagepub.com,https://journals.sagepub.com/doi/abs/10.1177/1948550619869613,"https://scholar.google.com/scholar?cites=14339650369553064341&as_sdt=2005&sciodt=0,5&hl=en",102,FALSE,NA,4,1.33,1,3,3,"Research shows that religious and nonreligious individuals have different standards of evidence for religious and scientific claims. Here, in a preregistered replication and …",https://osf.io/b3ex4/download,"https://scholar.google.com/scholar?q=related:lWGCUAmsAMcJ:scholar.google.com/&scioq=source:%22social+psychological+and+personality+science%22&hl=en&as_sdt=0,5&as_ylo=2020&as_yhi=2020"
364,NEED,364,10.1177/1948550619873679,Toward Integration of the Niche Diversity Hypothesis With Other Explanations for Personality Covariation: Reply to Međedović's (2019) Commentary on Lukaszewski …,toward integration of the niche diversity hypothes,2,"A Lukaszewski, M Gurven…",2020,… Personality Science,journals.sagepub.com,https://journals.sagepub.com/doi/abs/10.1177/1948550619873679,"https://scholar.google.com/scholar?cites=4080009614837969557&as_sdt=2005&sciodt=0,5&hl=en",111,FALSE,NA,2,0.67,1,3,3,The hypothesis of a human-universal personality structure is undermined by cross-cultural studies in small-scale societies. To explain cross-population differences in patterns of …,https://gurven.anth.ucsb.edu/sites/default/files/sitefiles/papers/Lukaszewski%20et%20al_reply.pdf,"https://scholar.google.com/scholar?q=related:lXKYvCAbnzgJ:scholar.google.com/&scioq=source:%22social+psychological+and+personality+science%22&hl=en&as_sdt=0,5&as_ylo=2020&as_yhi=2020"
426,IN LATER VOLUME,426,10.1177/1948550619899238,""" Who Gets to Vote?: Racialized Mental Images of Legitimate and Illegitimate Voters""(Sep, 10.1177/19485506211039408, 2021)",who gets to vote racialized mental images of legit,0,"JL Brown-Iannuzzi, E Cooley…",2022,… SCIENCE,SAGE PUBLICATIONS INC 2455 …,NA,NA,130,TRUE,NA,0,0,0,3,1,NA,NA,"https://scholar.google.com/scholar?q=related:dZc5rNWeL6MJ:scholar.google.com/&scioq=source:%22social+psychological+and+personality+science%22&hl=en&as_sdt=0,5&as_ylo=2022&as_yhi=2022"
686,IN LATER VOLUME,686,10.1177/19485506221125416,"Happy days: Resolving the structure of daily subjective well-being, between and within individuals",happy days resolving the structure of daily subjec,3,"MA Busseri, DB Newman",2022,… Psychological and Personality …,journals.sagepub.com,https://journals.sagepub.com/doi/abs/10.1177/19485506221125416,"https://scholar.google.com/scholar?cites=16844612950933186071&as_sdt=2005&sciodt=0,5&hl=en",54,FALSE,NA,3,3,2,2,1,"We address the long-standing confusion concerning the conceptualization and structure of subjective well-being (SWB) by examining daily variation in life satisfaction (LS), positive …",https://www.researchgate.net/profile/David-Newman-9/publication/364026650_Happy_days_Resolving_the_structure_of_daily_subjective_well-being_between_and_within_individuals/links/6336635c769781354ea653ff/Happy-Days-Resolving-the-Structure-of-Daily-Subjective-Well-Being-Between-and-Within-Individuals.pdf,"https://scholar.google.com/scholar?q=related:FyZRdzsWxOkJ:scholar.google.com/&scioq=source:%22social+psychological+and+personality+science%22&hl=en&as_sdt=0,5&as_ylo=2022&as_yhi=2022"
687,IN LATER VOLUME,687,10.1177/19485506221127483,"Going beyond traits: Social, emotional, and behavioral skills matter for adolescents' success",going beyond traits social emotional and behaviora,10,"CJ Soto, CM Napolitano, MN Sewell…",2022,… Personality Science,journals.sagepub.com,https://journals.sagepub.com/doi/abs/10.1177/19485506221127483,"https://scholar.google.com/scholar?cites=9911398105798589918&as_sdt=2005&sciodt=0,5&hl=en",31,FALSE,NA,10,10,3,4,1,"The present research addresses three key questions about social, emotional, and behavioral (SEB) skills. First, how do SEB skills relate with the Big Five traits and …",https://journals.sagepub.com/doi/pdf/10.1177/19485506221127483,"https://scholar.google.com/scholar?q=related:3r2aexBcjIkJ:scholar.google.com/&scioq=source:%22social+psychological+and+personality+science%22&hl=en&as_sdt=0,5&as_ylo=2022&as_yhi=2022"
688,IN LATER VOLUME,688,10.1177/19485506221137958,Understanding the Links Between Perceiving Gratitude and Romantic Relationship Satisfaction Using an Accuracy and Bias Framework,understanding the links between perceiving gratitu,1,"H Tissera, ML Visserman, EA Impett…",2022,… Personality Science,journals.sagepub.com,https://journals.sagepub.com/doi/abs/10.1177/19485506221137958,"https://scholar.google.com/scholar?cites=4080548395655611006&as_sdt=2005&sciodt=0,5&hl=en",90,FALSE,NA,1,1,0,4,1,Perceiving a partner's gratitude has several benefits for romantic relationships. We aimed to better understand these associations by decomposing perceptions into accuracy and bias …,https://journals.sagepub.com/doi/pdf/10.1177/19485506221137958,"https://scholar.google.com/scholar?q=related:fsLXayUFoTgJ:scholar.google.com/&scioq=source:%22social+psychological+and+personality+science%22&hl=en&as_sdt=0,5&as_ylo=2022&as_yhi=2022"
689,IN LATER VOLUME,689,10.1177/19485506221141144,Does Identity Fusion Moderate the Motivational Primacy of the Individual Self?,does identity fusion moderate the motivational pri,1,"A Heger, VA Voorhees, B Porter…",2022,Social Psychological …,journals.sagepub.com,https://journals.sagepub.com/doi/abs/10.1177/19485506221141144,"https://scholar.google.com/scholar?cites=8495102399752721719&as_sdt=2005&sciodt=0,5&hl=en",70,FALSE,NA,1,1,0,4,1,Research indicates that the individual self lies closer to the motivational core of the self-concept than does the collective self. Four studies tested whether identity fusion alters the …,NA,"https://scholar.google.com/scholar?q=related:N1XUo5-q5HUJ:scholar.google.com/&scioq=source:%22social+psychological+and+personality+science%22&hl=en&as_sdt=0,5&as_ylo=2022&as_yhi=2022"
691,IN LATER VOLUME,691,10.1177/19485506221141987,Think of What Really Matters: Structured Analysis of Personal Criteria can Save Lives,think of what really matters structured analysis o,1,"T Gordon-Hecker, T Kogut",2022,… Psychological and Personality …,journals.sagepub.com,https://journals.sagepub.com/doi/abs/10.1177/19485506221141987,"https://scholar.google.com/scholar?cites=1241511792594446163&as_sdt=2005&sciodt=0,5&hl=en",104,FALSE,NA,1,1,1,2,1,Helping decisions are susceptible to many biases—partly due to the helpers' spontaneous emotional reactions to the appeal diverting their attention from the need to maximize the …,https://journals.sagepub.com/doi/pdf/10.1177/19485506221141987,"https://scholar.google.com/scholar?q=related:U-cMxmW8OhEJ:scholar.google.com/&scioq=source:%22social+psychological+and+personality+science%22&hl=en&as_sdt=0,5&as_ylo=2022&as_yhi=2022"
692,IN LATER VOLUME,692,10.1177/19485506221142970,Perceiving a Danger Within: Black Americans Associate Black Men With Physical Threat,perceiving a danger within black americans associa,2,DS March,2022,Social Psychological and Personality Science,journals.sagepub.com,https://journals.sagepub.com/doi/abs/10.1177/19485506221142970,"https://scholar.google.com/scholar?cites=2860945741737623829&as_sdt=2005&sciodt=0,5&hl=en",103,FALSE,NA,2,2,2,1,1,Recent work suggests that good/bad out-group favoritism of Blacks for Whites may reflect positive associations with White rather than negative associations with Black. The Dual …,https://www.researchgate.net/profile/David-March-10/publication/366491189_Perceiving_a_Danger_Within_Black_Americans_Associate_Black_Men_With_Physical_Threat/links/63ab23e703aad5368e45b3d4/Perceiving-a-Danger-Within-Black-Americans-Associate-Black-Men-With-Physical-Threat.pdf,"https://scholar.google.com/scholar?q=related:FQHwgf4etCcJ:scholar.google.com/&scioq=source:%22social+psychological+and+personality+science%22&hl=en&as_sdt=0,5&as_ylo=2022&as_yhi=2022"
693,IN LATER VOLUME,693,10.1177/19485506221143593,Experience matters: Civic discussion increases self-efficacy and reduces forecasted discomfort in future conversations,experience matters civic discussion increases self,1,"N Geiger, JK Swim, RK Mallett…",2022,Social Psychological …,journals.sagepub.com,https://journals.sagepub.com/doi/abs/10.1177/19485506221143593,"https://scholar.google.com/scholar?cites=13126404688485032118&as_sdt=2005&sciodt=0,5&hl=en",93,FALSE,NA,1,1,0,4,1,"Interpersonal conversation about civic issues lays groundwork for cooperation and collective action, yet such conversation is uncommon. Across three studies (total N= 2,066), we find …",https://www.researchgate.net/profile/Nathaniel-Geiger/publication/365396398_Experience_matters_Civic_discussion_increases_self-efficacy_and_reduces_forecasted_discomfort_in_future_conversations/links/6373ac3f54eb5f547cd4898f/Experience-Matters-Civic-Discussion-Increases-Self-Efficacy-and-Reduces-Forecasted-Discomfort-in-Future-Conversations.pdf,"https://scholar.google.com/scholar?q=related:tiAse4RbKrYJ:scholar.google.com/&scioq=source:%22social+psychological+and+personality+science%22&hl=en&as_sdt=0,5&as_ylo=2022&as_yhi=2022"
694,IN LATER VOLUME,694,10.1177/19485506221144150,Think About It! Deliberation Reduces the Negative Relation Between Conspiracy Belief and Adherence to Prosocial Norms,think about it deliberation reduces the negative r,1,"L Pummerer, L Ditrich, K Winter…",2022,Social Psychological …,journals.sagepub.com,https://journals.sagepub.com/doi/abs/10.1177/19485506221144150,"https://scholar.google.com/scholar?cites=3019473973800019583&as_sdt=2005&sciodt=0,5&hl=en",81,FALSE,NA,1,1,0,4,1,"People believing in conspiracy theories question mainstream thoughts and behavior, but it is unknown whether it is also linked to lower adherence to the prosocial norms of the broader …",https://journals.sagepub.com/doi/pdf/10.1177/19485506221144150,"https://scholar.google.com/scholar?q=related:fybj0JRT5ykJ:scholar.google.com/&scioq=source:%22social+psychological+and+personality+science%22&hl=en&as_sdt=0,5&as_ylo=2022&as_yhi=2022"
695,IN LATER VOLUME,695,10.1177/19485506231153017,The between-person and within-person effects of intergroup contact on outgroup attitudes: A multi-context examination,the betweenperson and withinperson effects of inte,5,"MT Friehs, C Bracegirdle, NK Reimer…",2022,… Personality Science,journals.sagepub.com,https://journals.sagepub.com/doi/abs/10.1177/19485506231153017,"https://scholar.google.com/scholar?cites=13033310083309967688&as_sdt=2005&sciodt=0,5&hl=en",53,FALSE,NA,5,5,1,4,1,"The extensive literature on the contact hypothesis reports a positive association between intergroup contact and outgroup attitudes, yet it remains unknown whether this association …",https://journals.sagepub.com/doi/pdf/10.1177/19485506231153017,"https://scholar.google.com/scholar?q=related:SBk1o3ee37QJ:scholar.google.com/&scioq=source:%22social+psychological+and+personality+science%22&hl=en&as_sdt=0,5&as_ylo=2022&as_yhi=2022"
696,IN LATER VOLUME,696,10.1177/19485506231164206,Exposure to Immigrants Does Not Moderate the Relationship Between Disgust Sensitivity and Opposition to Immigration,exposure to immigrants does not moderate the relat,1,"F van Leeuwen, L Aarøe, MB Petersen…",2022,… Personality Science,journals.sagepub.com,https://journals.sagepub.com/doi/abs/10.1177/19485506231164206,"https://scholar.google.com/scholar?cites=10102916458838460337&as_sdt=2005&sciodt=0,5&hl=en",101,FALSE,NA,1,1,0,4,1,"Individuals who are more motivated to avoid pathogenic infection tend to be more opposed to immigrants. Explanations for this relation emphasize lack of familiarity, with people who …",https://journals.sagepub.com/doi/pdf/10.1177/19485506231164206,"https://scholar.google.com/scholar?q=related:sYeD5P3ENIwJ:scholar.google.com/&scioq=source:%22social+psychological+and+personality+science%22&hl=en&as_sdt=0,5&as_ylo=2022&as_yhi=2022"
697,INCLUDED- TITLE WRONG,697,MISSING_DOI_battle of wits militaristic conservatism and warfa,Battle of wits: militaristic conservatism and warfare cues enhance the perceived intellect of allies versus adversaries,battle of wits militaristic conservatism and warfa,3,"C Holbrook, L Lopez-Rodriguez, A Gomez",2018,… Psychological and Personality Science,NA,NA,"https://scholar.google.com/scholar?cites=1795566953670167955&as_sdt=2005&sciodt=0,5&hl=en",103,TRUE,NA,3,0.6,1,3,5,NA,NA,"https://scholar.google.com/scholar?q=related:k83wi6Ei6xgJ:scholar.google.com/&scioq=source:%22social+psychological+and+personality+science%22&hl=en&as_sdt=0,5&as_ylo=2018&as_yhi=2018"
698,NOT ARTICLE,698,MISSING_DOI_changing party alignments in american attitudes to,"Changing party alignments in American attitudes toward trade: reflections on the past, implications for the future",changing party alignments in american attitudes to,6,D Mutz,2017,The future of the global order …,… Psychological and Personality …,NA,"https://scholar.google.com/scholar?cites=5795627667399503623&as_sdt=2005&sciodt=0,5&hl=en",106,TRUE,NA,6,1,6,1,6,NA,NA,"https://scholar.google.com/scholar?q=related:B-_FLag0blAJ:scholar.google.com/&scioq=source:%22social+psychological+and+personality+science%22&hl=en&as_sdt=0,5&as_ylo=2017&as_yhi=2017"
699,INCLUDED- TITLE WRONG,699,MISSING_DOI_denying history denying racism replicating and ext,"Denying history, denying racism: Replicating and extending the Marley Hypothesis",denying history denying racism replicating and ext,3,"CM Bonam, VN Das, B Coleman, P Salter",2018,… Psychological and Personality Science,NA,NA,"https://scholar.google.com/scholar?cites=18159872103305512935&as_sdt=2005&sciodt=0,5&hl=en",102,TRUE,NA,3,0.6,1,4,5,NA,NA,"https://scholar.google.com/scholar?q=related:5wcNfHbTBPwJ:scholar.google.com/&scioq=source:%22social+psychological+and+personality+science%22&hl=en&as_sdt=0,5&as_ylo=2018&as_yhi=2018"
700,INCLUDED- TITLE WRONG,700,MISSING_DOI_does reducing prejudice increase outgroup identifi,Does reduc‑ing prejudice increase outgroup identification? The downstream consequences of associating positive concepts with racial categories,does reducing prejudice increase outgroup identifi,3,"CE Phills, K Kawakami, DR Krusemark, J Nyguen",2019,… Psychological and Personality …,NA,NA,"https://scholar.google.com/scholar?cites=8011877030943700878&as_sdt=2005&sciodt=0,5&hl=en",109,TRUE,NA,3,0.75,1,4,4,NA,NA,"https://scholar.google.com/scholar?q=related:jreC_bXnL28J:scholar.google.com/&scioq=source:%22social+psychological+and+personality+science%22&hl=en&as_sdt=0,5&as_ylo=2019&as_yhi=2019"
701,NOT ARTICLE,701,MISSING_DOI_flekova lucie giorgi salvatore hagan courtney kern,"Flekova Lucie, Giorgi Salvatore, Hagan Courtney, Kern Margaret L., Buffone Anneke EK, Ungar Lyle, and Seligman Martin EP. 2017",flekova lucie giorgi salvatore hagan courtney kern,2,"C Jordan, PP Daniel",2017,… . Social Psychological and Personality Science,NA,NA,"https://scholar.google.com/scholar?cites=13424126630749750501&as_sdt=2005&sciodt=0,5&hl=en",107,TRUE,NA,2,0.33,1,2,6,NA,NA,"https://scholar.google.com/scholar?q=related:5USz7QsUTLoJ:scholar.google.com/&scioq=source:%22social+psychological+and+personality+science%22&hl=en&as_sdt=0,5&as_ylo=2017&as_yhi=2017"
702,INCLUDED- TITLE WRONG,702,MISSING_DOI_forthcominglaypersons beliefs and intuitions about,"forthcoming,“Laypersons' Beliefs and Intuitions About Free Will and Determinism: New Insights Linking the Social Psychology and Experimental …",forthcominglaypersons beliefs and intuitions about,2,"G Feldman, SP Chandrashekar",2017,Social Psychological and Personality Science,NA,NA,"https://scholar.google.com/scholar?cites=7941283477725775681&as_sdt=2005&sciodt=0,5&hl=en",104,TRUE,NA,2,0.33,1,2,6,NA,NA,"https://scholar.google.com/scholar?q=related:QQeGjj8bNW4J:scholar.google.com/&scioq=source:%22social+psychological+and+personality+science%22&hl=en&as_sdt=0,5&as_ylo=2017&as_yhi=2017"
703,NOT ARTICLE,703,MISSING_DOI_how good is boris johnsons credit support for tran,How Good is Boris Johnson's Credit? Support for Transgressive Leadership Revealed Through a Machine Learning Analysis of Tweets,how good is boris johnsons credit support for tran,0,"BB Davies, D Abrams, C Leicht",2020,… Psychological and Personality Science,Sage,NA,NA,113,TRUE,NA,0,0,0,3,3,NA,NA,"https://scholar.google.com/scholar?q=related:2IHvSwmr2-gJ:scholar.google.com/&scioq=source:%22social+psychological+and+personality+science%22&hl=en&as_sdt=0,5&as_ylo=2020&as_yhi=2020"
704,NOT ARTICLE,704,MISSING_DOI_l havaldar s davani am lin y kennedy b atari m kam,L Havaldar S Davani AM Lin Y Kennedy B Atari M Kamel Z Mendlen M Moreno G Park C Chang TE Chin J Leong C Leung JY Mirinjian A Dehghani M,l havaldar s davani am lin y kennedy b atari m kam,3,HJPWG Yeh,2020,… Social Psychological and Personality Science,NA,NA,"https://scholar.google.com/scholar?cites=13666262498687717971&as_sdt=2005&sciodt=0,5&hl=en",115,TRUE,NA,3,1,3,1,3,NA,NA,"https://scholar.google.com/scholar?q=related:UxKG6VVRqL0J:scholar.google.com/&scioq=source:%22social+psychological+and+personality+science%22&hl=en&as_sdt=0,5&as_ylo=2020&as_yhi=2020"
705,NEVER PUBLISHED,705,MISSING_DOI_loathe thy neighbor the effects of residential div,Loathe thy neighbor: The effects of residential diversity on Whites' perceptions of threat,loathe thy neighbor the effects of residential div,3,"LX Zou, S Cheryan",2017,Social Psychological and Personality Science,NA,NA,"https://scholar.google.com/scholar?cites=18243692414034366614&as_sdt=2005&sciodt=0,5&hl=en",100,TRUE,NA,3,0.5,2,2,6,NA,NA,"https://scholar.google.com/scholar?q=related:ltABYpedLv0J:scholar.google.com/&scioq=source:%22social+psychological+and+personality+science%22&hl=en&as_sdt=0,5&as_ylo=2017&as_yhi=2017"
706,IN LATER VOLUME,706,MISSING_DOI_moral expansiveness across cultures the role of so,Moral expansiveness across cultures: The role of societal factors across 39 countries,moral expansiveness across cultures the role of so,1,"K Kirkland, C Crimston, J Jetten…",2022,… Psychological and …,Sage Periodicals Press,NA,"https://scholar.google.com/scholar?cites=15004093568591903400&as_sdt=2005&sciodt=0,5&hl=en",126,TRUE,NA,1,1,0,4,1,NA,NA,"https://scholar.google.com/scholar?q=related:qLqkBJs_OdAJ:scholar.google.com/&scioq=source:%22social+psychological+and+personality+science%22&hl=en&as_sdt=0,5&as_ylo=2022&as_yhi=2022"
710,BEFORE 2017,710,MISSING_DOI_social dominance in context and in individuals con,Social dominance in context and in individuals: Contextual moderation of robust effects of social,social dominance in context and in individuals con,0,"F Pratto, A Cidam, AL Stewart",2022,… Psychological and Personality Science,academia.edu,https://www.academia.edu/download/94349098/Social_20Psychological_20and_20Personality_20Science-2013-Pratto-1948550612473663.pdf,NA,128,TRUE,NA,0,0,0,3,#NAME?,"We tested the internal reliability and predictive validity of a new 4-item Short Social Dominance Orientation (SSDO) scale among adults in 20 countries, using 15 languages (N …",https://www.academia.edu/download/94349098/Social_20Psychological_20and_20Personality_20Science-2013-Pratto-1948550612473663.pdf,"https://scholar.google.com/scholar?q=related:brAzxTNFOdUJ:scholar.google.com/&scioq=source:%22social+psychological+and+personality+science%22&hl=en&as_sdt=0,5&as_ylo=2022&as_yhi=2022"
711,BEFORE 2017,711,MISSING_DOI_societal effects of covid19 conspiracy theories,Societal effects of COVID-19 conspiracy theories,societal effects of covid19 conspiracy theories,2,"L Pummerer, R Böhm, L Lilleholt, K Winter…",2021,Social Psychological …,researchgate.net,https://www.researchgate.net/profile/Lotte-Pummerer/publication/340650399_Conspiracy_theories_and_their_societal_effects_during_the_COVID-19_pandemic/links/5fb5463fa6fdccf768684f3c/Conspiracy-theories-and-their-societal-effects-during-the-COVID-19-pandemic.pdf,"https://scholar.google.com/scholar?cites=6157519188128632152&as_sdt=2005&sciodt=0,5&hl=en",140,TRUE,NA,2,1,0,5,2,"During COVID-19, conspiracy theories were intensely discussed in the media. Believing in specific conspiracy theories (ie, explanations for events based on powerholders' secret …",https://www.researchgate.net/profile/Lotte-Pummerer/publication/340650399_Conspiracy_theories_and_their_societal_effects_during_the_COVID-19_pandemic/links/5fb5463fa6fdccf768684f3c/Conspiracy-theories-and-their-societal-effects-during-the-COVID-19-pandemic.pdf,"https://scholar.google.com/scholar?q=related:WA0P4hPnc1UJ:scholar.google.com/&scioq=source:%22social+psychological+and+personality+science%22&hl=en&as_sdt=0,5&as_ylo=2021&as_yhi=2021"